month,end_equity,return,days,days_long,buy_fills,sell_fills
2023-01,97182.317356177043470396006059836937570920700706298,-0.02817682643822956529603993940163062429079299293702,31,2,1,0
2023-02,96319.041423030575697338941023536379358889620937847,-0.00888305564871978999135253796052786639489717704998,28,5,1,1
2023-03,93015.505556625875156532507543825222775962121753831,-0.03429784825095654814528640748289297645184508189680,31,5,1,1
2023-04,90200.348509804020477399960114327357770952095011456,-0.03026545982817936230370766584971768412874898648242,30,5,1,1
2023-05,87477.142636416240593736809835423986285451632547970,-0.03019063582766301919313556915493490164187325936875,31,5,1,1
2023-06,87778.058856522623479209790502532187248461782826338,0.0034399411210433519805067026017791038359313739287,30,5,1,1
2023-07,88987.668245790812542670813949922840436815865111464,0.0137803160040865411634907455535537718925983805433,31,5,1,1
2023-08,82811.801432521852554135781442318406065948450514654,-0.06940137813489773510164768334302474266956989965611,31,5,1,1
2023-09,82365.232047326719888143062004277849596683459335894,-0.00539258146146010448719628835251817680598281512343,30,5,1,1
2023-10,83689.648563382049118030677923438955955717621612998,0.0160798007015183907480487487175526301309600089216,31,5,1,1
2023-11,83297.869994725415937518555992943699092846647494205,-0.00468132648878219526830239633065529691490047982426,30,5,1,1
2023-12,88327.360882424905374007621541750826824890056784215,0.0603795857927455604496334937124380399082043719392,31,5,1,1
2024-01,87620.487496138670354341213603467945779051470074305,-0.00800288131813622902111681657856171000036701331147,31,5,1,1
2024-02,94443.414061909727764269683902758220869126976389869,0.0778690778919911349371678497671688394719944001173,29,5,1,1
2024-03,99065.621228397672212770425609814764796761687150210,0.0489415510059598899014879516455184928938547288738,31,5,1,1
2024-04,87735.894928075044619146403011541131672832803493087,-0.11436587344666953955524498293971904388946952212468,30,5,1,1
2024-05,90382.086868224026543480616994276691868992400641700,0.0301608816131447908362576197897914785468682496882,31,5,1,1
2024-06,95233.593979509068976418620477957366180306927927324,0.0536777505299084348646749730610809888929251284780,30,5,1,1
2024-07,88006.635948738970940089373401891839800138943332854,-0.07588664596996188198579039106451299687897561163425,31,5,1,1
2024-08,81758.337481958934037311016747705216166252967868351,-0.07099803781182443312850774566861296318136608753770,31,5,1,1
2024-09,76299.255548745056586928258551622943975877712021663,-0.06677095084545348759051085524308689208927259853091,30,5,1,1
2024-10,70426.526413209391584732698603629185885259952187898,-0.07696967805647557976309490394494022563857271351661,31,5,1,1
2024-11,69153.091806876470075532736891987721999423567094336,-0.01808174662571562861412067056802889730134478981684,30,5,1,1
2024-12,68332.341340887418591434940668856879954648096549480,-0.01186860116509551932062109055706851189539838776712,31,5,1,1
