event_id,bar_index,bar_open_utc,side,reason,phase,signal_bar_index,signal_close_utc,execution_time_utc,execution_earliest_utc,execution_latest_utc,time_basis,roi_step_minutes,roi_target,entry_time_utc,reference_price,fill_price,quantity,notional,fee,cash_after,quantity_after
1,187,2023-01-01T04:00:00Z,BUY,entry_signal,open,186,2023-01-01T03:59:59.999000Z,2023-01-01T04:00:00Z,2023-01-01T04:00:00Z,2023-01-01T04:00:00Z,native_4h_open_or_intrabar_interval,,,2023-01-01T04:00:00Z,16533.040000000001,16536.346608,5.74032844143919,94924.06075139888,75.939248601119104,5000,5.74032844143919
2,218,2023-01-06T08:00:00Z,SELL,roi,open_gap,,,2023-01-06T08:00:00Z,2023-01-06T08:00:00Z,2023-01-06T08:00:00Z,native_4h_open_or_intrabar_interval,7289,0,2023-01-01T04:00:00Z,16794.330000000002,16790.971134000003,5.74032844143919,96385.689159884671,77.108551327907733,101308.58060855676,0
3,219,2023-01-06T12:00:00Z,BUY,entry_signal,open,218,2023-01-06T11:59:59.999000Z,2023-01-06T12:00:00Z,2023-01-06T12:00:00Z,2023-01-06T12:00:00Z,native_4h_open_or_intrabar_interval,,,2023-01-06T12:00:00Z,16738.740000000002,16742.087748000002,5.7439800848454086,96166.218603246321,76.932974882597065,5065.4290304278402,5.7439800848454086
4,250,2023-01-11T16:00:00Z,SELL,roi,open_gap,,,2023-01-11T16:00:00Z,2023-01-11T16:00:00Z,2023-01-11T16:00:00Z,native_4h_open_or_intrabar_interval,7289,0,2023-01-06T12:00:00Z,17331.900000000001,17328.433620000003,5.7439800848454086,99534.177614845656,79.627342091876528,104519.97930318162,0
5,254,2023-01-12T08:00:00Z,BUY,entry_signal,open,253,2023-01-12T07:59:59.999000Z,2023-01-12T08:00:00Z,2023-01-12T08:00:00Z,2023-01-12T08:00:00Z,native_4h_open_or_intrabar_interval,,,2023-01-12T08:00:00Z,18138.209999999999,18141.837641999999,5.4688290463701899,99214.608651101662,79.371686920881331,5225.9989651590731,5.4688290463701899
6,264,2023-01-14T00:00:00Z,SELL,roi,intrabar_unknown,,,,2023-01-14T00:00:00Z,2023-01-14T03:59:59.999000Z,native_4h_open_or_intrabar_interval,644,0.16600000000000001,2023-01-12T08:00:00Z,21187.25520088516,21183.017749844985,5.4688290463701899,115846.30276012755,92.677042208102051,120979.62468307852,0
7,265,2023-01-14T04:00:00Z,BUY,entry_signal,open,264,2023-01-14T03:59:59.999000Z,2023-01-14T04:00:00Z,2023-01-14T04:00:00Z,2023-01-14T04:00:00Z,native_4h_open_or_intrabar_interval,,,2023-01-14T04:00:00Z,20967.23,20971.423446000001,5.4759646013863525,114838.77243097981,91.871017944783844,6048.9812341539364,5.4759646013863525
8,298,2023-01-19T16:00:00Z,SELL,roi,intrabar_unknown,,,,2023-01-19T16:00:00Z,2023-01-19T19:59:59.999000Z,native_4h_open_or_intrabar_interval,7289,0,2023-01-14T04:00:00Z,21005.004588427542,21000.803587509858,5.4759646013863525,114999.6570458715,91.999725636697207,120956.63855438874,0
9,299,2023-01-19T20:00:00Z,BUY,entry_signal,open,298,2023-01-19T19:59:59.999000Z,2023-01-19T20:00:00Z,2023-01-19T20:00:00Z,2023-01-19T20:00:00Z,native_4h_open_or_intrabar_interval,,,2023-01-19T20:00:00Z,21092.099999999999,21096.31842,5.4425113793963087,114816.95306421796,91.853562451374373,6047.8319277194096,5.4425113793963087
10,330,2023-01-25T00:00:00Z,SELL,roi,open_gap,,,2023-01-25T00:00:00Z,2023-01-25T00:00:00Z,2023-01-25T00:00:00Z,native_4h_open_or_intrabar_interval,7289,0,2023-01-19T20:00:00Z,22631.939999999999,22627.413612,5.4425113793963087,123149.95606961694,98.519964855693559,129099.26803248066,0
11,336,2023-01-26T00:00:00Z,BUY,entry_signal,open,335,2023-01-25T23:59:59.999000Z,2023-01-26T00:00:00Z,2023-01-26T00:00:00Z,2023-01-26T00:00:00Z,native_4h_open_or_intrabar_interval,,,2023-01-26T00:00:00Z,23060.419999999998,23065.032083999999,5.3130759658371529,122546.26761676322,98.037014093410576,6454.9634016240307,5.3130759658371529
12,369,2023-01-31T12:00:00Z,SELL,roi,intrabar_unknown,,,,2023-01-31T12:00:00Z,2023-01-31T15:59:59.999000Z,native_4h_open_or_intrabar_interval,7289,0,2023-01-26T00:00:00Z,23101.965682212965,23097.345289076522,5.3130759658371529,122717.95013003446,98.174360104027571,129074.73917155447,0
13,370,2023-01-31T16:00:00Z,BUY,entry_signal,open,369,2023-01-31T15:59:59.999000Z,2023-01-31T16:00:00Z,2023-01-31T16:00:00Z,2023-01-31T16:00:00Z,native_4h_open_or_intrabar_interval,,,2023-01-31T16:00:00Z,23121.799999999999,23126.424359999997,5.2979648699102233,122522.983825916,98.018387060732806,6453.7369585777342,5.2979648699102233
14,412,2023-02-07T16:00:00Z,SELL,roi,intrabar_unknown,,,,2023-02-07T16:00:00Z,2023-02-07T19:59:59.999000Z,native_4h_open_or_intrabar_interval,7289,0,2023-01-31T16:00:00Z,23163.456264499597,23158.823573246696,5.2979648699102233,122694.63371950974,98.155706975607799,129050.21497111187,0
15,413,2023-02-07T20:00:00Z,BUY,entry_signal,open,412,2023-02-07T19:59:59.999000Z,2023-02-07T20:00:00Z,2023-02-07T20:00:00Z,2023-02-07T20:00:00Z,native_4h_open_or_intrabar_interval,,,2023-02-07T20:00:00Z,23092.869999999999,23097.488573999999,5.3035941144217098,122499.70445898909,97.99976356719128,6452.5107485555927,5.3035941144217098
16,460,2023-02-15T16:00:00Z,SELL,roi,intrabar_unknown,,,,2023-02-15T16:00:00Z,2023-02-15T19:59:59.999000Z,native_4h_open_or_intrabar_interval,7289,0,2023-02-07T20:00:00Z,23134.474144174539,23129.847249345705,5.3035941144217098,122671.32173910305,98.13705739128244,129025.69543026735,0
17,461,2023-02-15T20:00:00Z,BUY,entry_signal,open,460,2023-02-15T19:59:59.999000Z,2023-02-15T20:00:00Z,2023-02-15T20:00:00Z,2023-02-15T20:00:00Z,native_4h_open_or_intrabar_interval,,,2023-02-15T20:00:00Z,23320.18,23324.844035999999,5.2509002558006168,122476.42951514188,97.981143612113513,6451.2847715133685,5.2509002558006168
18,492,2023-02-21T00:00:00Z,SELL,roi,open_gap,,,2023-02-21T00:00:00Z,2023-02-21T00:00:00Z,2023-02-21T00:00:00Z,native_4h_open_or_intrabar_interval,7289,0,2023-02-15T20:00:00Z,24843.889999999999,24838.921222000001,5.2509002558006168,130426.69779841117,104.34135823872894,136773.64121168581,0
19,493,2023-02-21T04:00:00Z,BUY,entry_signal,open,492,2023-02-21T03:59:59.999000Z,2023-02-21T04:00:00Z,2023-02-21T04:00:00Z,2023-02-21T04:00:00Z,native_4h_open_or_intrabar_interval,,,2023-02-21T04:00:00Z,24926.560000000001,24931.545312000002,5.2075028904522389,129831.09427568098,103.86487542054479,6838.6820605842804,5.2075028904522389
20,621,2023-03-14T12:00:00Z,SELL,roi,intrabar_unknown,,,,2023-03-14T12:00:00Z,2023-03-14T15:59:59.999000Z,native_4h_open_or_intrabar_interval,7289,0,2023-02-21T04:00:00Z,24971.467722427544,24966.473428883059,5.2075028904522389,130012.98254530755,104.01038603624605,136747.65421985558,0
21,627,2023-03-15T12:00:00Z,BUY,entry_signal,open,626,2023-03-15T11:59:59.999000Z,2023-03-15T12:00:00Z,2023-03-15T12:00:00Z,2023-03-15T12:00:00Z,native_4h_open_or_intrabar_interval,,,2023-03-15T12:00:00Z,24753.27,24758.220654000001,5.242962658013016,129806.4263677686,103.84514109421488,6837.3827109927661,5.242962658013016
22,641,2023-03-17T20:00:00Z,SELL,roi,intrabar_unknown,,,,2023-03-17T20:00:00Z,2023-03-17T23:59:59.999000Z,native_4h_open_or_intrabar_interval,3269,0.115,2023-03-15T12:00:00Z,27649.620058079832,27644.090134068218,5.242962658013016,144936.9322876657,115.94954583013256,151658.36545282832,0
23,652,2023-03-19T16:00:00Z,BUY,entry_signal,open,651,2023-03-19T15:59:59.999000Z,2023-03-19T16:00:00Z,2023-03-19T16:00:00Z,2023-03-19T16:00:00Z,native_4h_open_or_intrabar_interval,,,2023-03-19T16:00:00Z,27546.619999999999,27552.129323999998,5.2250146354975531,143960.27895702128,115.16822316561702,7582.9182726414292,5.2250146354975531
24,683,2023-03-24T20:00:00Z,SELL,roi,open_gap,,,2023-03-24T20:00:00Z,2023-03-24T20:00:00Z,2023-03-24T20:00:00Z,native_4h_open_or_intrabar_interval,7289,0,2023-03-19T16:00:00Z,27821.59,27816.025682,5.2250146354975531,145339.14128982581,116.27131303186066,152805.78824943537,0
25,684,2023-03-25T00:00:00Z,BUY,entry_signal,open,683,2023-03-24T23:59:59.999000Z,2023-03-25T00:00:00Z,2023-03-25T00:00:00Z,2023-03-25T00:00:00Z,native_4h_open_or_intrabar_interval,,,2023-03-25T00:00:00Z,27454.459999999999,27459.950891999997,5.2822184511555594,145049.45926954795,116.03956741563837,7640.2894124717859,5.2822184511555594
26,715,2023-03-30T04:00:00Z,SELL,roi,open_gap,,,2023-03-30T04:00:00Z,2023-03-30T04:00:00Z,2023-03-30T04:00:00Z,native_4h_open_or_intrabar_interval,7289,0,2023-03-25T00:00:00Z,28489.189999999999,28483.492161999999,5.2822184511555594,150456.02785146114,120.36482228116891,157975.95244165175,0
27,722,2023-03-31T08:00:00Z,BUY,entry_signal,open,721,2023-03-31T07:59:59.999000Z,2023-03-31T08:00:00Z,2023-03-31T08:00:00Z,2023-03-31T08:00:00Z,native_4h_open_or_intrabar_interval,,,2023-03-31T08:00:00Z,27738.48,27744.027695999997,5.4050259288753031,149957.18906831453,119.96575125465164,7898.7976220825803,5.4050259288753031
28,753,2023-04-05T12:00:00Z,SELL,roi,open_gap,,,2023-04-05T12:00:00Z,2023-04-05T12:00:00Z,2023-04-05T12:00:00Z,native_4h_open_or_intrabar_interval,7289,0,2023-03-31T08:00:00Z,28554.369999999999,28548.659125999999,5.4050259288753031,154306.24281065253,123.44499424852204,162081.59543848661,0
29,755,2023-04-05T20:00:00Z,BUY,entry_signal,open,754,2023-04-05T19:59:59.999000Z,2023-04-05T20:00:00Z,2023-04-05T20:00:00Z,2023-04-05T20:00:00Z,native_4h_open_or_intrabar_interval,,,2023-04-05T20:00:00Z,28240.639999999999,28246.288128,5.4468902754111843,153854.43212086559,123.08354569669248,8104.0797719243274,5.4468902754111843
30,786,2023-04-11T00:00:00Z,SELL,roi,open_gap,,,2023-04-11T00:00:00Z,2023-04-11T00:00:00Z,2023-04-11T00:00:00Z,native_4h_open_or_intrabar_interval,7289,0,2023-04-05T20:00:00Z,29637.349999999999,29631.42253,5.4468902754111843,161399.10722525688,129.1192857802055,169374.067711401,0
31,787,2023-04-11T04:00:00Z,BUY,entry_signal,open,786,2023-04-11T03:59:59.999000Z,2023-04-11T04:00:00Z,2023-04-11T04:00:00Z,2023-04-11T04:00:00Z,native_4h_open_or_intrabar_interval,,,2023-04-11T04:00:00Z,30115.950000000001,30121.973190000001,5.3375236050226951,160776.74293148579,128.62139434518863,8468.7033855700283,5.3375236050226951
32,818,2023-04-16T08:00:00Z,SELL,roi,open_gap,,,2023-04-16T08:00:00Z,2023-04-16T08:00:00Z,2023-04-16T08:00:00Z,native_4h_open_or_intrabar_interval,7289,0,2023-04-11T04:00:00Z,30344.970000000001,30338.901006,5.3375236050226951,161934.60026997179,129.54768021597744,170273.75597532585,0
33,819,2023-04-16T12:00:00Z,BUY,entry_signal,open,818,2023-04-16T11:59:59.999000Z,2023-04-16T12:00:00Z,2023-04-16T12:00:00Z,2023-04-16T12:00:00Z,native_4h_open_or_intrabar_interval,,,2023-04-16T12:00:00Z,30226.459999999999,30232.505291999998,5.3462576787666043,161630.76356570699,129.30461085256559,8513.6877987663029,5.3462576787666043
34,1216,2023-06-21T16:00:00Z,SELL,roi,intrabar_unknown,,,,2023-06-21T16:00:00Z,2023-06-21T19:59:59.999000Z,native_4h_open_or_intrabar_interval,7289,0,2023-04-16T12:00:00Z,30280.916029056843,30274.859845851031,5.3462576787666043,161857.20192446382,129.48576153957106,170241.40396169055,0
35,1217,2023-06-21T20:00:00Z,BUY,entry_signal,open,1216,2023-06-21T19:59:59.999000Z,2023-06-21T20:00:00Z,2023-06-21T20:00:00Z,2023-06-21T20:00:00Z,native_4h_open_or_intrabar_interval,,,2023-06-21T20:00:00Z,30112.02,30118.042404,5.3655563516693663,161600.05372062951,129.28004297650361,8512.0701980845479,5.3655563516693663
36,1248,2023-06-27T00:00:00Z,SELL,roi,open_gap,,,2023-06-27T00:00:00Z,2023-06-27T00:00:00Z,2023-06-27T00:00:00Z,native_4h_open_or_intrabar_interval,7289,0,2023-06-21T20:00:00Z,30267.990000000002,30261.936402000003,5.3655563516693663,162372.12507556553,129.89770006045242,170754.29757358963,0
37,1250,2023-06-27T08:00:00Z,BUY,entry_signal,open,1249,2023-06-27T07:59:59.999000Z,2023-06-27T08:00:00Z,2023-06-27T08:00:00Z,2023-06-27T08:00:00Z,native_4h_open_or_intrabar_interval,,,2023-06-27T08:00:00Z,30411.23,30417.312245999998,5.3287717157091601,162086.91316437867,129.66953053150294,8537.7148786794569,5.3287717157091601
38,1281,2023-07-02T12:00:00Z,SELL,roi,open_gap,,,2023-07-02T12:00:00Z,2023-07-02T12:00:00Z,2023-07-02T12:00:00Z,native_4h_open_or_intrabar_interval,7289,0,2023-06-27T08:00:00Z,30544.740000000002,30538.631052000001,5.3287717157091601,162733.39338637507,130.18671470910007,171140.92155034543,0
39,1282,2023-07-02T16:00:00Z,BUY,entry_signal,open,1281,2023-07-02T15:59:59.999000Z,2023-07-02T16:00:00Z,2023-07-02T16:00:00Z,2023-07-02T16:00:00Z,native_4h_open_or_intrabar_interval,,,2023-07-02T16:00:00Z,30498,30504.099599999998,5.3256419456142154,162453.91234295379,129.96312987436303,8557.0460775172687,5.3256419456142154
40,1330,2023-07-10T16:00:00Z,SELL,roi,intrabar_unknown,,,,2023-07-10T16:00:00Z,2023-07-10T19:59:59.999000Z,native_4h_open_or_intrabar_interval,7289,0,2023-07-02T16:00:00Z,30552.94523586869,30546.834646821517,5.3256419456142154,162681.50390085427,130.14520312068342,171108.40477525085,0
41,1331,2023-07-10T20:00:00Z,BUY,entry_signal,open,1330,2023-07-10T19:59:59.999000Z,2023-07-10T20:00:00Z,2023-07-10T20:00:00Z,2023-07-10T20:00:00Z,native_4h_open_or_intrabar_interval,,,2023-07-10T20:00:00Z,30837.400000000001,30843.567480000002,5.2660265776625597,162423.04609960862,129.93843687968689,8555.420238762541,5.2660265776625597
42,1957,2023-10-23T04:00:00Z,SELL,roi,intrabar_unknown,,,,2023-10-23T04:00:00Z,2023-10-23T07:59:59.999000Z,native_4h_open_or_intrabar_interval,7289,0,2023-07-10T20:00:00Z,30892.956699343475,30886.778108003607,5.2660265776625597,162650.5944151131,130.1204755320905,171075.89417834356,0
43,1958,2023-10-23T08:00:00Z,BUY,entry_signal,open,1957,2023-10-23T07:59:59.999000Z,2023-10-23T08:00:00Z,2023-10-23T08:00:00Z,2023-10-23T08:00:00Z,native_4h_open_or_intrabar_interval,,,2023-10-23T08:00:00Z,30518.02,30524.123604,5.3201260690599881,162392.18572084972,129.91374857667978,8553.7947089171503,5.3201260690599881
44,1972,2023-10-25T16:00:00Z,SELL,roi,open_gap,,,2023-10-25T16:00:00Z,2023-10-25T16:00:00Z,2023-10-25T16:00:00Z,native_4h_open_or_intrabar_interval,3269,0.115,2023-10-23T08:00:00Z,34839.800000000003,34832.832040000001,5.3201260690599881,185315.057795192,148.2520462361536,193720.60045787299,0
45,1974,2023-10-26T00:00:00Z,BUY,entry_signal,open,1973,2023-10-25T23:59:59.999000Z,2023-10-26T00:00:00Z,2023-10-26T00:00:00Z,2023-10-26T00:00:00Z,native_4h_open_or_intrabar_interval,,,2023-10-26T00:00:00Z,34496.050000000003,34502.949209999999,5.3296157191487241,183887.46046660605,147.10996837328486,9686.0300228936539,5.3296157191487241
46,2008,2023-10-31T16:00:00Z,SELL,roi,intrabar_unknown,,,,2023-10-31T16:00:00Z,2023-10-31T19:59:59.999000Z,native_4h_open_or_intrabar_interval,7289,0,2023-10-26T00:00:00Z,34558.198127870295,34551.286488244725,5.3296157191487241,184145.07958456001,147.31606366764802,193683.79354378601,0
47,2009,2023-10-31T20:00:00Z,BUY,entry_signal,open,2008,2023-10-31T19:59:59.999000Z,2023-10-31T20:00:00Z,2023-10-31T20:00:00Z,2023-10-31T20:00:00Z,native_4h_open_or_intrabar_interval,,,2023-10-31T20:00:00Z,34540.300000000003,34547.208060000004,5.32177655368882,183852.52184911745,147.08201747929397,9684.1896771892789,5.32177655368882
48,2040,2023-11-06T00:00:00Z,SELL,roi,open_gap,,,2023-11-06T00:00:00Z,2023-11-06T00:00:00Z,2023-11-06T00:00:00Z,native_4h_open_or_intrabar_interval,7289,0,2023-10-31T20:00:00Z,35011.889999999999,35004.887622000002,5.32177655368882,186288.19021127161,149.03055216901728,195823.34933629187,0
49,2044,2023-11-06T16:00:00Z,BUY,entry_signal,open,2043,2023-11-06T15:59:59.999000Z,2023-11-06T16:00:00Z,2023-11-06T16:00:00Z,2023-11-06T16:00:00Z,native_4h_open_or_intrabar_interval,,,2023-11-06T16:00:00Z,35080.949999999997,35087.966189999999,5.297641763642094,185883.47508940575,148.70678007152461,9791.1674668146006,5.297641763642094
50,2075,2023-11-11T20:00:00Z,SELL,roi,open_gap,,,2023-11-11T20:00:00Z,2023-11-11T20:00:00Z,2023-11-11T20:00:00Z,native_4h_open_or_intrabar_interval,7289,0,2023-11-06T16:00:00Z,37148.790000000001,37141.360242000002,5.297641763642094,196761.62117649525,157.4092969411962,206395.37934636866,0
51,2076,2023-11-12T00:00:00Z,BUY,entry_signal,open,2075,2023-11-11T23:59:59.999000Z,2023-11-12T00:00:00Z,2023-11-12T00:00:00Z,2023-11-12T00:00:00Z,native_4h_open_or_intrabar_interval,,,2023-11-12T00:00:00Z,37129.989999999998,37137.415997999997,5.2755117719923819,195918.87527882718,156.73510022306175,10319.768967318407,5.2755117719923819
52,2123,2023-11-19T20:00:00Z,SELL,roi,intrabar_unknown,,,,2023-11-19T20:00:00Z,2023-11-19T23:59:59.999000Z,native_4h_open_or_intrabar_interval,7289,0,2023-11-12T00:00:00Z,37196.883437548429,37189.444060860922,5.2755117719923819,196193.34993692397,156.95467994953918,206356.16422429285,0
53,2127,2023-11-20T12:00:00Z,BUY,entry_signal,open,2126,2023-11-20T11:59:59.999000Z,2023-11-20T12:00:00Z,2023-11-20T12:00:00Z,2023-11-20T12:00:00Z,native_4h_open_or_intrabar_interval,,,2023-11-20T12:00:00Z,37147.510000000002,37154.939502000001,5.2720217908571785,195881.65069252416,156.70532055401932,10317.808211214666,5.2720217908571785
54,2158,2023-11-25T16:00:00Z,SELL,roi,open_gap,,,2023-11-25T16:00:00Z,2023-11-25T16:00:00Z,2023-11-25T16:00:00Z,native_4h_open_or_intrabar_interval,7289,0,2023-11-20T12:00:00Z,37704.379999999997,37696.839123999998,5.2720217908571785,198738.55730816541,158.99084584653235,208897.37467353354,0
55,2159,2023-11-25T20:00:00Z,BUY,entry_signal,open,2158,2023-11-25T19:59:59.999000Z,2023-11-25T20:00:00Z,2023-11-25T20:00:00Z,2023-11-25T20:00:00Z,native_4h_open_or_intrabar_interval,,,2023-11-25T20:00:00Z,37819.43,37826.993885999997,5.2421260711539688,198293.87084318235,158.63509667454588,10444.868733676645,5.2421260711539688
56,2190,2023-12-01T00:00:00Z,SELL,roi,intrabar_unknown,,,,2023-12-01T00:00:00Z,2023-12-01T03:59:59.999000Z,native_4h_open_or_intrabar_interval,7289,0,2023-11-25T20:00:00Z,37887.56553353562,37879.988020428915,5.2421260711539688,198571.67277689042,158.85733822151235,208857.68417234556,0
57,2191,2023-12-01T04:00:00Z,BUY,entry_signal,open,2190,2023-12-01T03:59:59.999000Z,2023-12-01T04:00:00Z,2023-12-01T04:00:00Z,2023-12-01T04:00:00Z,native_4h_open_or_intrabar_interval,,,2023-12-01T04:00:00Z,38043.040000000001,38050.648608000003,5.2103236675455644,198256.1950077221,158.60495600617767,10442.884208617295,5.2103236675455644
58,2217,2023-12-05T12:00:00Z,SELL,roi,intrabar_unknown,,,,2023-12-05T12:00:00Z,2023-12-05T15:59:59.999000Z,native_4h_open_or_intrabar_interval,3269,0.115,2023-12-01T04:00:00Z,42494.409904401859,42485.91102242098,5.2103236675455644,221365.34773735501,177.09227818988401,231631.13966778244,0
59,2218,2023-12-05T16:00:00Z,BUY,entry_signal,open,2217,2023-12-05T15:59:59.999000Z,2023-12-05T16:00:00Z,2023-12-05T16:00:00Z,2023-12-05T16:00:00Z,native_4h_open_or_intrabar_interval,,,2023-12-05T16:00:00Z,42268.279999999999,42276.733655999997,5.2008200426855469,219873.68373740339,175.89894698992273,11581.556983389135,5.2008200426855469
60,2249,2023-12-10T20:00:00Z,SELL,roi,open_gap,,,2023-12-10T20:00:00Z,2023-12-10T20:00:00Z,2023-12-10T20:00:00Z,native_4h_open_or_intrabar_interval,7289,0,2023-12-05T16:00:00Z,43797.099999999999,43788.340579999996,5.2008200426855469,227735.27932440484,182.18822345952387,239134.64808433445,0
61,2250,2023-12-11T00:00:00Z,BUY,entry_signal,open,2249,2023-12-10T23:59:59.999000Z,2023-12-11T00:00:00Z,2023-12-11T00:00:00Z,2023-12-11T00:00:00Z,native_4h_open_or_intrabar_interval,,,2023-12-11T00:00:00Z,43789.5,43798.257899999997,5.1827704915454538,226996.31862521754,181.59705490017404,11956.732404216746,5.1827704915454538
62,2307,2023-12-20T12:00:00Z,SELL,roi,intrabar_unknown,,,,2023-12-20T12:00:00Z,2023-12-20T15:59:59.999000Z,native_4h_open_or_intrabar_interval,7289,0,2023-12-11T00:00:00Z,43868.39121929543,43859.617541051572,5.1827704915454538,227314.33156223147,181.85146524978518,239089.21250119843,0
63,2312,2023-12-21T08:00:00Z,BUY,entry_signal,open,2311,2023-12-21T07:59:59.999000Z,2023-12-21T08:00:00Z,2023-12-21T08:00:00Z,2023-12-21T08:00:00Z,native_4h_open_or_intrabar_interval,,,2023-12-21T08:00:00Z,43764.489999999998,43773.242897999997,5.1847469892400477,226953.18932467879,181.56255145974305,11954.460625059903,5.1847469892400477
64,2381,2024-01-01T20:00:00Z,SELL,roi,intrabar_unknown,,,,2024-01-01T20:00:00Z,2024-01-01T23:59:59.999000Z,native_4h_open_or_intrabar_interval,7289,0,2023-12-21T08:00:00Z,43843.336161247389,43834.567494015144,5.1847469892400477,227271.14183923468,181.81691347138775,239043.7855508232,0
65,2383,2024-01-02T04:00:00Z,BUY,entry_signal,open,2382,2024-01-02T03:59:59.999000Z,2024-01-02T04:00:00Z,2024-01-02T04:00:00Z,2024-01-02T04:00:00Z,native_4h_open_or_intrabar_interval,,,2024-01-02T04:00:00Z,45402.379999999997,45411.460475999993,4.9967577752455083,226910.06821870705,181.52805457496564,11952.189277541183,4.9967577752455083
66,2422,2024-01-08T16:00:00Z,SELL,roi,intrabar_unknown,,,,2024-01-08T16:00:00Z,2024-01-08T19:59:59.999000Z,native_4h_open_or_intrabar_interval,7289,0,2024-01-02T04:00:00Z,45484.176985969571,45475.080150572379,4.9967577752455083,227227.96032228522,181.78236825782818,238998.36723156858,0
67,2423,2024-01-08T20:00:00Z,BUY,entry_signal,open,2422,2024-01-08T19:59:59.999000Z,2024-01-08T20:00:00Z,2024-01-08T20:00:00Z,2024-01-08T20:00:00Z,native_4h_open_or_intrabar_interval,,,2024-01-08T20:00:00Z,46979.360000000001,46988.755872000002,4.8281115576616633,226866.95530574556,181.49356424459646,11949.918361578428,4.8281115576616633
68,2612,2024-02-09T08:00:00Z,SELL,roi,intrabar_unknown,,,,2024-02-09T08:00:00Z,2024-02-09T11:59:59.999000Z,native_4h_open_or_intrabar_interval,7289,0,2024-01-08T20:00:00Z,47063.998075157724,47054.585275542697,4.8281115576616633,227184.78700982401,181.74782960785922,238952.95754179457,0
69,2613,2024-02-09T12:00:00Z,BUY,entry_signal,open,2612,2024-02-09T11:59:59.999000Z,2024-02-09T12:00:00Z,2024-02-09T12:00:00Z,2024-02-09T12:00:00Z,native_4h_open_or_intrabar_interval,,,2024-02-09T12:00:00Z,47180.010000000002,47189.446002000004,4.8066648329506583,226823.85058423746,181.45908046738998,11947.647877089737,4.8066648329506583
70,2644,2024-02-14T16:00:00Z,SELL,roi,open_gap,,,2024-02-14T16:00:00Z,2024-02-14T16:00:00Z,2024-02-14T16:00:00Z,native_4h_open_or_intrabar_interval,7289,0,2024-02-09T12:00:00Z,51590,51579.682000000001,4.8066648329506583,247926.24356417809,198.34099485134249,259675.55044641648,0
71,2645,2024-02-14T20:00:00Z,BUY,entry_signal,open,2644,2024-02-14T19:59:59.999000Z,2024-02-14T20:00:00Z,2024-02-14T20:00:00Z,2024-02-14T20:00:00Z,native_4h_open_or_intrabar_interval,,,2024-02-14T20:00:00Z,51677.989999999998,51688.325597999996,4.7688636536491638,246494.57726228586,197.19566180982869,12983.777522320801,4.7688636536491638
72,2676,2024-02-20T00:00:00Z,SELL,roi,open_gap,,,2024-02-20T00:00:00Z,2024-02-20T00:00:00Z,2024-02-20T00:00:00Z,native_4h_open_or_intrabar_interval,7289,0,2024-02-14T20:00:00Z,51774.739999999998,51764.385051999998,4.7688636536491638,246857.29442798288,197.48583554238633,259643.5861147613,0
73,2678,2024-02-20T08:00:00Z,BUY,entry_signal,open,2677,2024-02-20T07:59:59.999000Z,2024-02-20T08:00:00Z,2024-02-20T08:00:00Z,2024-02-20T08:00:00Z,native_4h_open_or_intrabar_interval,,,2024-02-20T08:00:00Z,51839.279999999999,51849.647855999996,4.7534408739897751,246464.23542068669,197.17138833654937,12982.179305738071,4.7534408739897751
74,2711,2024-02-25T20:00:00Z,SELL,roi,intrabar_unknown,,,,2024-02-25T20:00:00Z,2024-02-25T23:59:59.999000Z,native_4h_open_or_intrabar_interval,7289,0,2024-02-20T08:00:00Z,51932.673713255397,51922.28717851275,4.7534408739897751,246809.52214537773,197.4476177163022,259594.2538333995,0
75,2717,2024-02-26T20:00:00Z,BUY,entry_signal,open,2716,2024-02-26T19:59:59.999000Z,2024-02-26T20:00:00Z,2024-02-26T20:00:00Z,2024-02-26T20:00:00Z,native_4h_open_or_intrabar_interval,,,2024-02-26T20:00:00Z,54487.099999999999,54497.99742,4.5215864597168673,246417.40721595677,197.13392577276542,12979.712691669964,4.5215864597168673
76,2728,2024-02-28T16:00:00Z,SELL,roi,intrabar_unknown,,,,2024-02-28T16:00:00Z,2024-02-28T19:59:59.999000Z,native_4h_open_or_intrabar_interval,644,0.16600000000000001,2024-02-26T20:00:00Z,63646.417857999768,63633.688574428168,4.5215864597168673,287725.22463997436,230.18017971197949,300474.75715193234,0
77,2731,2024-02-29T04:00:00Z,BUY,entry_signal,open,2730,2024-02-29T03:59:59.999000Z,2024-02-29T04:00:00Z,2024-02-29T04:00:00Z,2024-02-29T04:00:00Z,native_4h_open_or_intrabar_interval,,,2024-02-29T04:00:00Z,61561.339999999997,61573.652267999998,4.6322222333033451,285222.84102151851,228.17827281721483,15023.737857596599,4.6322222333033451
78,2762,2024-03-05T08:00:00Z,SELL,roi,open_gap,,,2024-03-05T08:00:00Z,2024-03-05T08:00:00Z,2024-03-05T08:00:00Z,native_4h_open_or_intrabar_interval,7289,0,2024-02-29T04:00:00Z,66129.639999999999,66116.414072,4.6322222333033451,306265.92325060855,245.01273860048684,321044.64836960466,0
79,2767,2024-03-06T04:00:00Z,BUY,entry_signal,open,2766,2024-03-06T03:59:59.999000Z,2024-03-06T04:00:00Z,2024-03-06T04:00:00Z,2024-03-06T04:00:00Z,native_4h_open_or_intrabar_interval,,,2024-03-06T04:00:00Z,63263.220000000001,63275.872644000003,4.8161898733825774,304748.61705747846,243.79889364598279,16052.232418480213,4.8161898733825774
80,2797,2024-03-11T04:00:00Z,SELL,roi,intrabar_unknown,,,,2024-03-11T04:00:00Z,2024-03-11T07:59:59.999000Z,native_4h_open_or_intrabar_interval,3269,0.115,2024-03-06T04:00:00Z,70665.57253448604,70651.439419979142,4.8161898733825774,340270.74707440619,272.21659765952495,356050.76289522689,0
81,2798,2024-03-11T08:00:00Z,BUY,entry_signal,open,2797,2024-03-11T07:59:59.999000Z,2024-03-11T08:00:00Z,2024-03-11T08:00:00Z,2024-03-11T08:00:00Z,native_4h_open_or_intrabar_interval,,,2024-03-11T08:00:00Z,71019.990000000005,71034.193998000002,4.7579598423542375,337977.84247648442,270.38227398118755,17802.538144761289,4.7579598423542375
82,2885,2024-03-25T20:00:00Z,SELL,roi,intrabar_unknown,,,,2024-03-25T20:00:00Z,2024-03-25T23:59:59.999000Z,native_4h_open_or_intrabar_interval,7289,0,2024-03-11T08:00:00Z,71147.939704962366,71133.710117021372,4.7579598423542375,338451.33617445506,270.76106893956404,355983.11325027677,0
83,2887,2024-03-26T04:00:00Z,BUY,entry_signal,open,2886,2024-03-26T03:59:59.999000Z,2024-03-26T04:00:00Z,2024-03-26T04:00:00Z,2024-03-26T04:00:00Z,native_4h_open_or_intrabar_interval,,,2024-03-26T04:00:00Z,70423.110000000001,70437.194621999995,4.7973748599702404,337913.62668641377,270.33090134913101,17799.155662513862,4.7973748599702404
84,2919,2024-03-31T12:00:00Z,SELL,roi,intrabar_unknown,,,,2024-03-31T12:00:00Z,2024-03-31T15:59:59.999000Z,native_4h_open_or_intrabar_interval,7289,0,2024-03-26T04:00:00Z,70549.984365189739,70535.874368316698,4.7973748599702404,338387.03042058181,270.70962433646548,355915.47645875922,0
85,2920,2024-03-31T16:00:00Z,BUY,entry_signal,open,2919,2024-03-31T15:59:59.999000Z,2024-03-31T16:00:00Z,2024-03-31T16:00:00Z,2024-03-31T16:00:00Z,native_4h_open_or_intrabar_interval,,,2024-03-31T16:00:00Z,70381.130000000005,70395.206226000009,4.7993242893940264,337849.42309734342,270.27953847787472,17795.773822937917,4.7993242893940264
86,2965,2024-04-08T04:00:00Z,SELL,roi,intrabar_unknown,,,,2024-04-08T04:00:00Z,2024-04-08T07:59:59.999000Z,native_4h_open_or_intrabar_interval,7289,0,2024-03-31T16:00:00Z,70507.928733967972,70493.827148221186,4.7993242893940264,338322.736884802,270.6581895078416,355847.85251823207,0
87,2966,2024-04-08T08:00:00Z,BUY,entry_signal,open,2965,2024-04-08T07:59:59.999000Z,2024-04-08T08:00:00Z,2024-04-08T08:00:00Z,2024-04-08T08:00:00Z,native_4h_open_or_intrabar_interval,,,2024-04-08T08:00:00Z,70698.639999999999,70712.779727999994,4.7768625841928651,337785.23170695489,270.22818536556395,17792.392625911627,4.7768625841928651
88,3221,2024-05-20T20:00:00Z,SELL,roi,intrabar_unknown,,,,2024-05-20T20:00:00Z,2024-05-20T23:59:59.999000Z,native_4h_open_or_intrabar_interval,7289,0,2024-04-08T08:00:00Z,70826.010760390709,70811.845558238638,4.7768625841928651,338258.4555647939,270.60676445183515,355780.24142625369,0
89,3222,2024-05-21T00:00:00Z,BUY,entry_signal,open,3221,2024-05-20T23:59:59.999000Z,2024-05-21T00:00:00Z,2024-05-21T00:00:00Z,2024-05-21T00:00:00Z,native_4h_open_or_intrabar_interval,,,2024-05-21T00:00:00Z,71446.619999999995,71460.909323999993,4.7259551509724185,337721.05251293071,270.17684201034456,17789.012071312638,4.7259551509724185
90,3315,2024-06-05T12:00:00Z,SELL,roi,intrabar_unknown,,,,2024-06-05T12:00:00Z,2024-06-05T15:59:59.999000Z,native_4h_open_or_intrabar_interval,7289,0,2024-05-21T00:00:00Z,71575.338322116892,71561.023254452477,4.7259551509724185,338194.18645823671,270.55534916658939,355712.64318038279,0
91,3316,2024-06-05T16:00:00Z,BUY,entry_signal,open,3315,2024-06-05T15:59:59.999000Z,2024-06-05T16:00:00Z,2024-06-05T16:00:00Z,2024-06-05T16:00:00Z,native_4h_open_or_intrabar_interval,,,2024-06-05T16:00:00Z,71580.009999999995,71594.326001999987,4.7162520323680512,337656.88551295327,270.12550841036261,17785.632159019122,4.7162520323680512
92,3678,2024-08-05T00:00:00Z,SELL,stoploss,intrabar_unknown,,,,2024-08-05T00:00:00Z,2024-08-05T03:59:59.999000Z,native_4h_open_or_intrabar_interval,7289,0,2024-06-05T16:00:00Z,53266.178545487986,53255.525309778888,4.7162520323680512,251166.47947707286,200.93318358165831,268751.17845251033,0
93,3714,2024-08-11T00:00:00Z,BUY,entry_signal,open,3713,2024-08-10T23:59:59.999000Z,2024-08-11T00:00:00Z,2024-08-11T00:00:00Z,2024-08-11T00:00:00Z,native_4h_open_or_intrabar_interval,,,2024-08-11T00:00:00Z,60923.510000000002,60935.694702000001,4.186536859093005,255109.53190436136,204.08762552348909,13437.558922625496,4.186536859093005
94,3769,2024-08-20T04:00:00Z,SELL,roi,intrabar_unknown,,,,2024-08-20T04:00:00Z,2024-08-20T07:59:59.999000Z,native_4h_open_or_intrabar_interval,7289,0,2024-08-11T00:00:00Z,61033.269873660523,61021.063219685791,4.186536859093005,255466.93035025903,204.37354428020723,268700.11572860432,0
95,3770,2024-08-20T08:00:00Z,BUY,entry_signal,open,3769,2024-08-20T07:59:59.999000Z,2024-08-20T08:00:00Z,2024-08-20T08:00:00Z,2024-08-20T08:00:00Z,native_4h_open_or_intrabar_interval,,,2024-08-20T08:00:00Z,60924.330000000002,60936.514865999998,4.1856850798602663,255061.0610932995,204.04884887463962,13435.005786430178,4.1856850798602663
96,3801,2024-08-25T12:00:00Z,SELL,roi,open_gap,,,2024-08-25T12:00:00Z,2024-08-25T12:00:00Z,2024-08-25T12:00:00Z,native_4h_open_or_intrabar_interval,7289,0,2024-08-20T08:00:00Z,63873.919999999998,63861.145215999997,4.1856850798602663,267302.642713401,213.84211417072081,280523.80638566043,0
97,3802,2024-08-25T16:00:00Z,BUY,entry_signal,open,3801,2024-08-25T15:59:59.999000Z,2024-08-25T16:00:00Z,2024-08-25T16:00:00Z,2024-08-25T16:00:00Z,native_4h_open_or_intrabar_interval,,,2024-08-25T16:00:00Z,64132.169999999998,64144.996433999993,4.151291654831506,266284.58839566086,213.02767071652869,14026.19031928305,4.151291654831506
98,3972,2024-09-23T00:00:00Z,SELL,roi,intrabar_unknown,,,,2024-09-23T00:00:00Z,2024-09-23T03:59:59.999000Z,native_4h_open_or_intrabar_interval,7289,0,2024-08-25T16:00:00Z,64247.710599626895,64234.861057506969,4.151291654831506,266657.64265728998,213.32611412583199,280470.50686244719,0
99,3973,2024-09-23T04:00:00Z,BUY,entry_signal,open,3972,2024-09-23T03:59:59.999000Z,2024-09-23T04:00:00Z,2024-09-23T04:00:00Z,2024-09-23T04:00:00Z,native_4h_open_or_intrabar_interval,,,2024-09-23T04:00:00Z,64354,64366.870799999997,4.1361960122483659,266233.99432386574,212.98719545909262,14023.525343122368,4.1361960122483659
100,4004,2024-09-28T08:00:00Z,SELL,roi,open_gap,,,2024-09-28T08:00:00Z,2024-09-28T08:00:00Z,2024-09-28T08:00:00Z,native_4h_open_or_intrabar_interval,7289,0,2024-09-23T04:00:00Z,65824.009999999995,65810.845197999995,4.1361960122483659,272206.55547066208,217.76524437652967,286012.31556940789,0
101,4006,2024-09-28T16:00:00Z,BUY,entry_signal,open,4005,2024-09-28T15:59:59.999000Z,2024-09-28T16:00:00Z,2024-09-28T16:00:00Z,2024-09-28T16:00:00Z,native_4h_open_or_intrabar_interval,,,2024-09-28T16:00:00Z,65619.139999999999,65632.263827999996,4.1366012438498672,271494.50418758742,217.19560335006994,14300.615778470412,4.1366012438498672
102,4101,2024-10-14T12:00:00Z,SELL,roi,intrabar_unknown,,,,2024-10-14T12:00:00Z,2024-10-14T15:59:59.999000Z,native_4h_open_or_intrabar_interval,7289,0,2024-09-28T16:00:00Z,65737.359526683736,65724.2120547784,4.1366012438498672,271874.85733684874,217.49988586947902,285957.97322944965,0
103,4102,2024-10-14T16:00:00Z,BUY,entry_signal,open,4101,2024-10-14T15:59:59.999000Z,2024-10-14T16:00:00Z,2024-10-14T16:00:00Z,2024-10-14T16:00:00Z,native_4h_open_or_intrabar_interval,,,2024-10-14T16:00:00Z,65870,65883.173999999999,4.120064407215593,271442.92023179174,217.15433618543341,14297.898661472485,4.120064407215593
104,4133,2024-10-19T20:00:00Z,SELL,roi,open_gap,,,2024-10-19T20:00:00Z,2024-10-19T20:00:00Z,2024-10-19T20:00:00Z,native_4h_open_or_intrabar_interval,7289,0,2024-10-14T16:00:00Z,68181.979999999996,68168.343603999994,4.120064407215593,280857.96618168312,224.68637294534651,294931.17847021029,0
105,4135,2024-10-20T04:00:00Z,BUY,entry_signal,open,4134,2024-10-20T03:59:59.999000Z,2024-10-20T04:00:00Z,2024-10-20T04:00:00Z,2024-10-20T04:00:00Z,native_4h_open_or_intrabar_interval,,,2024-10-20T04:00:00Z,68188.009999999995,68201.647601999997,4.1048957154177206,279960.65102587902,223.96852082070322,14746.558923510544,4.1048957154177206
106,4167,2024-10-25T12:00:00Z,SELL,roi,intrabar_unknown,,,,2024-10-25T12:00:00Z,2024-10-25T15:59:59.999000Z,native_4h_open_or_intrabar_interval,7289,0,2024-10-20T04:00:00Z,68310.857606166537,68297.195434645299,4.1048957154177206,280352.86491472222,224.28229193177779,294875.14154630096,0
107,4172,2024-10-26T08:00:00Z,BUY,entry_signal,open,4171,2024-10-26T07:59:59.999000Z,2024-10-26T08:00:00Z,2024-10-26T08:00:00Z,2024-10-26T08:00:00Z,native_4h_open_or_intrabar_interval,,,2024-10-26T08:00:00Z,67007.990000000005,67021.391598000002,4.1763898335787006,279907.45850218413,223.92596680174731,14743.757077315066,4.1763898335787006
108,4203,2024-10-31T12:00:00Z,SELL,roi,open_gap,,,2024-10-31T12:00:00Z,2024-10-31T12:00:00Z,2024-10-31T12:00:00Z,native_4h_open_or_intrabar_interval,7289,0,2024-10-26T08:00:00Z,72226,72211.554799999998,4.1763898335787006,301583.60333363124,241.26688266690499,316086.09352827939,0
109,4204,2024-10-31T16:00:00Z,BUY,entry_signal,open,4203,2024-10-31T15:59:59.999000Z,2024-10-31T16:00:00Z,2024-10-31T16:00:00Z,2024-10-31T16:00:00Z,native_4h_open_or_intrabar_interval,,,2024-10-31T16:00:00Z,70620.009999999995,70634.134001999992,4.2478294621551074,300041.75544750743,240.03340435800595,15804.304676413944,4.2478294621551074
110,4236,2024-11-06T00:00:00Z,SELL,roi,intrabar_unknown,,,,2024-11-06T00:00:00Z,2024-11-06T03:59:59.999000Z,native_4h_open_or_intrabar_interval,7289,0,2024-10-31T16:00:00Z,70747.23910048198,70733.089652661889,4.2478294621551074,300462.10217583575,240.36968174066863,316026.03717050905,0
111,4238,2024-11-06T08:00:00Z,BUY,entry_signal,open,4237,2024-11-06T07:59:59.999000Z,2024-11-06T08:00:00Z,2024-11-06T08:00:00Z,2024-11-06T08:00:00Z,native_4h_open_or_intrabar_interval,,,2024-11-06T08:00:00Z,73370.889999999999,73385.564178000001,4.0877896201267303,299984.7475139724,239.98779801117794,15801.30185852549,4.0877896201267303
112,4268,2024-11-11T08:00:00Z,SELL,roi,intrabar_unknown,,,,2024-11-11T08:00:00Z,2024-11-11T11:59:59.999000Z,native_4h_open_or_intrabar_interval,3269,0.115,2024-11-06T08:00:00Z,81955.928724696525,81939.537538951583,4.0877896201267303,334951.59102971083,267.9612728237687,350484.93161541258,0
113,4269,2024-11-11T12:00:00Z,BUY,entry_signal,open,4268,2024-11-11T11:59:59.999000Z,2024-11-11T12:00:00Z,2024-11-11T12:00:00Z,2024-11-11T12:00:00Z,native_4h_open_or_intrabar_interval,,,2024-11-11T12:00:00Z,82133.990000000005,82150.416798000006,4.0498215636468045,332694.52941111312,266.15562352889049,17524.246580770588,4.0498215636468045
114,4287,2024-11-14T12:00:00Z,SELL,roi,intrabar_unknown,,,,2024-11-14T12:00:00Z,2024-11-14T15:59:59.999000Z,native_4h_open_or_intrabar_interval,3269,0.115,2024-11-11T12:00:00Z,91744.388412283646,91726.039534601194,4.0498215636468045,371474.0928551472,297.17927428411775,388701.16016163368,0
115,4288,2024-11-14T16:00:00Z,BUY,entry_signal,open,4287,2024-11-14T15:59:59.999000Z,2024-11-14T16:00:00Z,2024-11-14T16:00:00Z,2024-11-14T16:00:00Z,native_4h_open_or_intrabar_interval,,,2024-11-14T16:00:00Z,87947.990000000005,87965.579597999997,4.1944920626841462,368970.92541322147,295.17674033057722,19435.058008081629,4.1944920626841462
116,4319,2024-11-19T20:00:00Z,SELL,roi,open_gap,,,2024-11-19T20:00:00Z,2024-11-19T20:00:00Z,2024-11-19T20:00:00Z,native_4h_open_or_intrabar_interval,7289,0,2024-11-14T16:00:00Z,93227.869999999995,93209.224426000001,4.1944920626841462,390965.35202380223,312.77228161904179,410087.63775026484,0
117,4320,2024-11-20T00:00:00Z,BUY,entry_signal,open,4319,2024-11-19T23:59:59.999000Z,2024-11-20T00:00:00Z,2024-11-20T00:00:00Z,2024-11-20T00:00:00Z,native_4h_open_or_intrabar_interval,,,2024-11-20T00:00:00Z,92310.800000000003,92329.262159999998,4.2161263859929674,389271.83839203801,311.41747071363045,20504.381887513213,4.2161263859929674
118,4351,2024-11-25T04:00:00Z,SELL,roi,open_gap,,,2024-11-25T04:00:00Z,2024-11-25T04:00:00Z,2024-11-25T04:00:00Z,native_4h_open_or_intrabar_interval,7289,0,2024-11-20T00:00:00Z,97898.809999999998,97879.230238000004,4.2161263859929674,412671.20524711255,330.13696419769008,432845.45017042808,0
119,4352,2024-11-25T08:00:00Z,BUY,entry_signal,open,4351,2024-11-25T07:59:59.999000Z,2024-11-25T08:00:00Z,2024-11-25T08:00:00Z,2024-11-25T08:00:00Z,native_4h_open_or_intrabar_interval,,,2024-11-25T08:00:00Z,98047.339999999997,98066.949467999992,4.1897344651626449,410874.4780794431,328.69958246355452,21642.272508521448,4.1897344651626449
120,4409,2024-12-04T20:00:00Z,SELL,roi,intrabar_unknown,,,,2024-12-04T20:00:00Z,2024-12-04T23:59:59.999000Z,native_4h_open_or_intrabar_interval,7289,0,2024-11-25T08:00:00Z,98223.982213345065,98204.337416902403,4.1897344651626449,411450.0971040575,329.16007768324602,432763.20953489572,0
121,4411,2024-12-05T04:00:00Z,BUY,entry_signal,open,4410,2024-12-05T03:59:59.999000Z,2024-12-05T04:00:00Z,2024-12-05T04:00:00Z,2024-12-05T04:00:00Z,native_4h_open_or_intrabar_interval,,,2024-12-05T04:00:00Z,102964,102984.5928,3.9889113580940241,410796.41192860802,328.63712954288644,21638.160476744815,3.9889113580940241
122,4473,2024-12-15T12:00:00Z,SELL,roi,intrabar_unknown,,,,2024-12-15T12:00:00Z,2024-12-15T15:59:59.999000Z,native_4h_open_or_intrabar_interval,7289,0,2024-12-05T04:00:00Z,103149.50007429943,103128.87017428457,3.9889113580940241,411371.92158560775,329.09753726848624,432680.98452508409,0
123,4478,2024-12-16T08:00:00Z,BUY,entry_signal,open,4477,2024-12-16T07:59:59.999000Z,2024-12-16T08:00:00Z,2024-12-16T08:00:00Z,2024-12-16T08:00:00Z,native_4h_open_or_intrabar_interval,,,2024-12-16T08:00:00Z,104992.78999999999,105013.78855799999,3.9110898316319527,410718.36061034165,328.57468848827335,21634.049226254167,3.9110898316319527
