trade_id,bar_index,bar_open_utc,side,reason,phase,signal_bar_index,signal_close_utc,execution_time_utc,execution_earliest_utc,execution_latest_utc,execution_time_basis,reference_price,fill_price,quantity,notional,fee,cash_after,quantity_after
1,8995,2024-01-01T05:35:00Z,BUY,entry_signal,open,8993,2024-01-01T05:29:59.999000Z,2024-01-01T05:35:00Z,2024-01-01T05:35:00Z,2024-01-01T05:35:00Z,native_5m_open_proxy,42312.720000000001,42321.182544000003,2.2429444322050625,94924.060751398894,75.939248601119118,4999.9999999999854,2.2429444322050625
2,9116,2024-01-01T15:40:00Z,SELL,roi,intrabar_unknown,,,,2024-01-01T15:40:00Z,2024-01-01T15:44:59.999000Z,native_5m_open_proxy,42812.840157061204,42804.277589029793,2.2429444322050625,96007.616092874305,76.806092874299452,100930.81,0
3,9372,2024-01-02T13:00:00Z,BUY,entry_signal,open,9370,2024-01-02T12:54:59.999000Z,2024-01-02T13:00:00Z,2024-01-02T13:00:00Z,2024-01-02T13:00:00Z,native_5m_open_proxy,45302,45311.060400000002,2.1144423139847541,95807.623401278965,76.646098721023179,5046.5405000000028,2.1144423139847541
4,11160,2024-01-08T18:00:00Z,SELL,roi,intrabar_unknown,,,,2024-01-08T18:00:00Z,2024-01-08T18:04:59.999000Z,native_5m_open_proxy,45837.452302645324,45828.284812184793,2.1144423139847541,96901.264584228382,77.521011667382709,101870.284072561,0
5,11361,2024-01-09T10:45:00Z,BUY,entry_signal,open,11359,2024-01-09T10:39:59.999000Z,2024-01-09T10:45:00Z,2024-01-09T10:45:00Z,2024-01-09T10:45:00Z,native_5m_open_proxy,46564.470000000001,46573.782894000004,2.0762627455181013,96699.410340660426,77.359528272528351,5093.5142036280449,2.0762627455181013
6,11486,2024-01-09T21:10:00Z,SELL,roi,intrabar_unknown,,,,2024-01-09T21:10:00Z,2024-01-09T21:14:59.999000Z,native_5m_open_proxy,47114.844214890261,47105.421246047285,2.0762627455181013,97803.231245104835,78.242584996083878,102818.50286373679,0
7,11527,2024-01-10T00:35:00Z,BUY,entry_signal,open,11525,2024-01-10T00:29:59.999000Z,2024-01-10T00:35:00Z,2024-01-10T00:35:00Z,2024-01-10T00:35:00Z,native_5m_open_proxy,45918.82,45928.003764000001,2.1250542179791898,97599.498122052304,78.079598497641854,5140.925143186847,2.1250542179791898
8,11736,2024-01-10T18:00:00Z,SELL,roi,intrabar_unknown,,,,2024-01-10T18:00:00Z,2024-01-10T18:04:59.999000Z,native_5m_open_proxy,46461.562878984492,46452.270566408697,2.1250542179791898,98713.593501857365,78.970874801485891,103775.54777024273,0
9,11869,2024-01-11T05:05:00Z,BUY,entry_signal,open,11867,2024-01-11T04:59:59.999000Z,2024-01-11T05:05:00Z,2024-01-11T05:05:00Z,2024-01-11T05:05:00Z,native_5m_open_proxy,46332.5,46341.766499999998,2.125684268218869,98507.964010522192,78.806371208417758,5188.7773885121278,2.125684268218869
10,11942,2024-01-11T11:10:00Z,SELL,roi,intrabar_unknown,,,,2024-01-11T11:10:00Z,2024-01-11T11:14:59.999000Z,native_5m_open_proxy,46880.132418266599,46870.756391782947,2.125684268218869,99632.429501532009,79.705943601225613,104741.50094644292,0
11,12017,2024-01-11T17:25:00Z,BUY,entry_signal,open,12015,2024-01-11T17:19:59.999000Z,2024-01-11T17:25:00Z,2024-01-11T17:25:00Z,2024-01-11T17:25:00Z,native_5m_open_proxy,46054.010000000002,46063.220802000003,2.1584440744536821,99424.88599032849,79.539908792262793,5237.0750473221706,2.1584440744536821
12,12031,2024-01-11T18:35:00Z,SELL,roi,intrabar_unknown,,,,2024-01-11T18:35:00Z,2024-01-11T18:39:59.999000Z,native_5m_open_proxy,46598.350773046455,46589.031102891844,2.1584440744536821,100559.81811857519,80.447854494860152,105716.44531140249,0
13,12041,2024-01-11T19:25:00Z,BUY,entry_signal,open,12039,2024-01-11T19:19:59.999000Z,2024-01-11T19:25:00Z,2024-01-11T19:25:00Z,2024-01-11T19:25:00Z,native_5m_open_proxy,46339.489999999998,46348.757897999996,2.1651139603882528,100350.34277161508,80.28027421729206,5285.8222655701247,2.1651139603882528
14,12053,2024-01-11T20:25:00Z,SELL,roi,intrabar_unknown,,,,2024-01-11T20:25:00Z,2024-01-11T20:29:59.999000Z,native_5m_open_proxy,46887.20503739149,46877.827596384013,2.1651139603882528,101495.83896160472,81.196671169283775,106700.46455600557,0
15,12079,2024-01-11T22:35:00Z,BUY,entry_signal,open,12077,2024-01-11T22:29:59.999000Z,2024-01-11T22:35:00Z,2024-01-11T22:35:00Z,2024-01-11T22:35:00Z,native_5m_open_proxy,46279.080000000002,46288.335815999999,2.1881195772468804,101284.41379716755,81.02753103773405,5335.0232278002804,2.1881195772468804
16,20292,2024-02-09T11:00:00Z,SELL,roi,intrabar_unknown,,,,2024-02-09T11:00:00Z,2024-02-09T11:04:59.999000Z,native_5m_open_proxy,46826.081014310774,46816.715798107914,2.1881195772468804,102440.57238024323,81.952457904194588,107693.64315013932,0
17,20456,2024-02-10T00:40:00Z,BUY,entry_signal,open,20454,2024-02-10T00:34:59.999000Z,2024-02-10T00:40:00Z,2024-02-10T00:40:00Z,2024-02-10T00:40:00Z,native_5m_open_proxy,47048.870000000003,47058.279774000002,2.172352660152149,102227.17924923297,81.781743399386386,5384.6821575069625,2.172352660152149
18,20683,2024-02-10T19:35:00Z,SELL,roi,intrabar_unknown,,,,2024-02-10T19:35:00Z,2024-02-10T19:39:59.999000Z,native_5m_open_proxy,47604.969637507391,47595.44864357989,2.172352660152149,103394.09947201576,82.71527957761262,108696.06634994512,0
19,20760,2024-02-11T02:00:00Z,BUY,entry_signal,open,20758,2024-02-11T01:54:59.999000Z,2024-02-11T02:00:00Z,2024-02-11T02:00:00Z,2024-02-11T02:00:00Z,native_5m_open_proxy,47626.589999999997,47636.115317999996,2.16597678814954,103178.72005640273,82.542976045122188,5434.8033174972661,2.16597678814954
20,20779,2024-02-11T03:35:00Z,SELL,roi,intrabar_unknown,,,,2024-02-11T03:35:00Z,2024-02-11T03:39:59.999000Z,native_5m_open_proxy,48189.518066810386,48179.880163197027,2.16597678814954,104356.50208931124,83.485201671448991,109707.82020513706,0
120,101748,2024-11-18T07:00:00Z,SELL,roi,intrabar_unknown,,,,2024-11-18T07:00:00Z,2024-11-18T07:04:59.999000Z,native_5m_open_proxy,92240.086807118627,92221.638789757199,1.2783515867800743,117891.67828234496,94.313342625875976,123937.06942776205,0
121,101822,2024-11-18T13:10:00Z,BUY,entry_signal,open,101820,2024-11-18T13:04:59.999000Z,2024-11-18T13:10:00Z,2024-11-18T13:10:00Z,2024-11-18T13:10:00Z,native_5m_open_proxy,89875.589999999997,89893.565117999999,1.3087265915272415,117646.09907711226,94.116879261689817,6196.8534713880945,1.3087265915272415
122,101839,2024-11-18T14:35:00Z,SELL,roi,intrabar_unknown,,,,2024-11-18T14:35:00Z,2024-11-18T14:39:59.999000Z,native_5m_open_proxy,90937.885077857616,90919.697500842041,1.3087265915272415,118989.02581296486,95.191220650371889,125090.68806370258,0
123,101973,2024-11-19T01:45:00Z,BUY,entry_signal,open,101971,2024-11-19T01:39:59.999000Z,2024-11-19T01:45:00Z,2024-11-19T01:45:00Z,2024-11-19T01:45:00Z,native_5m_open_proxy,91008,91026.2016,1.3044723238449609,118741.1607319319,94.992928585545528,6254.5344031851273,1.3044723238449609
124,102099,2024-11-19T12:15:00Z,SELL,roi,intrabar_unknown,,,,2024-11-19T12:15:00Z,2024-11-19T12:19:59.999000Z,native_5m_open_proxy,92083.679730677337,92065.262994731209,1.3044723238449609,120096.5875641345,96.077270051307607,126255.04469726833,0
125,102222,2024-11-19T22:30:00Z,BUY,entry_signal,open,102220,2024-11-19T22:24:59.999000Z,2024-11-19T22:30:00Z,2024-11-19T22:30:00Z,2024-11-19T22:30:00Z,native_5m_open_proxy,91922.869999999995,91941.254573999991,1.3035107676682942,119846.41533014079,95.877132264112646,6312.7522348634229,1.3035107676682942
126,102339,2024-11-20T08:15:00Z,SELL,roi,intrabar_unknown,,,,2024-11-20T08:15:00Z,2024-11-20T08:19:59.999000Z,native_5m_open_proxy,93009.363143950948,92990.761271322161,1.3035107676682942,121214.45861084023,96.971566888672186,127430.23927881497,0
127,102462,2024-11-20T18:30:00Z,BUY,entry_signal,open,102460,2024-11-20T18:24:59.999000Z,2024-11-20T18:30:00Z,2024-11-20T18:30:00Z,2024-11-20T18:30:00Z,native_5m_open_proxy,93929.470000000001,93948.255894000002,1.2875380878294784,120961.95774867528,96.769566198940225,6371.5119639407494,1.2875380878294784
128,102569,2024-11-21T03:25:00Z,SELL,roi,intrabar_unknown,,,,2024-11-21T03:25:00Z,2024-11-21T03:29:59.999000Z,native_5m_open_proxy,95039.680388012755,95020.672451935156,1.2875380878294784,122342.73491303579,97.874187930428633,128616.37268904611,0
129,102837,2024-11-22T01:45:00Z,BUY,entry_signal,open,102835,2024-11-22T01:39:59.999000Z,2024-11-22T01:45:00Z,2024-11-22T01:45:00Z,2024-11-22T01:45:00Z,native_5m_open_proxy,97900.009999999995,97919.590001999997,1.2468177587865932,122087.88374759574,97.670306998076597,6430.8186344522983,1.2468177587865932
130,102855,2024-11-22T03:15:00Z,SELL,roi,intrabar_unknown,,,,2024-11-22T03:15:00Z,2024-11-22T03:19:59.999000Z,native_5m_open_proxy,99057.150651262607,99037.339221132352,1.2468177587865932,123481.5133238798,98.785210659103839,129813.546747673,0
131,102940,2024-11-22T10:20:00Z,BUY,entry_signal,open,102938,2024-11-22T10:14:59.999000Z,2024-11-22T10:20:00Z,2024-11-22T10:20:00Z,2024-11-22T10:20:00Z,native_5m_open_proxy,98462.070000000007,98481.762414000012,1.2512396910637469,123224.2899783067,98.57943198264536,6490.6773373836622,1.2512396910637469
132,106590,2024-12-05T02:30:00Z,SELL,roi,intrabar_unknown,,,,2024-12-05T02:30:00Z,2024-12-05T02:34:59.999000Z,native_5m_open_proxy,99625.853985358815,99605.928814561747,1.2512396910637469,124630.8915980498,99.70471327843984,131021.86422215503,0
133,106716,2024-12-05T13:00:00Z,BUY,entry_signal,open,106714,2024-12-05T12:54:59.999000Z,2024-12-05T13:00:00Z,2024-12-05T13:00:00Z,2024-12-05T13:00:00Z,native_5m_open_proxy,102846.16,102866.729232,1.2090524790707948,124371.2739918538,99.497019193483041,6551.0932111077418,1.2090524790707948
134,109720,2024-12-15T23:20:00Z,SELL,roi,intrabar_unknown,,,,2024-12-15T23:20:00Z,2024-12-15T23:24:59.999000Z,native_5m_open_proxy,104061.76225134052,104040.94989889026,1.2090524790707948,125790.96840013363,100.63277472010691,132241.42883652126,0
135,109867,2024-12-16T11:35:00Z,BUY,entry_signal,open,109865,2024-12-16T11:29:59.999000Z,2024-12-16T11:35:00Z,2024-12-16T11:35:00Z,2024-12-16T11:35:00Z,native_5m_open_proxy,104405.3,104426.18106,1.2020829735712768,125528.93424729735,100.42314739783788,6612.0714418260613,1.2020829735712768
136,109905,2024-12-16T14:45:00Z,SELL,roi,intrabar_unknown,,,,2024-12-16T14:45:00Z,2024-12-16T14:49:59.999000Z,native_5m_open_proxy,105639.33068944803,105618.20282331014,1.2020829735712768,126961.84331309889,101.56947465047911,133472.34528027446,0
137,109988,2024-12-16T21:40:00Z,BUY,entry_signal,open,109986,2024-12-16T21:34:59.999000Z,2024-12-16T21:40:00Z,2024-12-16T21:40:00Z,2024-12-16T21:40:00Z,native_5m_open_proxy,105914.23,105935.41284599999,1.1959869387996496,126697.3701201646,101.35789609613168,6673.6172640137229,1.1959869387996496
138,110117,2024-12-17T08:25:00Z,SELL,roi,intrabar_unknown,,,,2024-12-17T08:25:00Z,2024-12-17T08:29:59.999000Z,native_5m_open_proxy,107166.09566457121,107144.6624454383,1.1959869387996496,128143.61684684153,102.51489347747322,134714.71921737777,0
139,110238,2024-12-17T18:30:00Z,BUY,entry_signal,open,110236,2024-12-17T18:24:59.999000Z,2024-12-17T18:30:00Z,2024-12-17T18:30:00Z,2024-12-17T18:30:00Z,native_5m_open_proxy,106998.17999999999,107019.57963599999,1.1948905270037526,127876.68191098011,102.3013455287841,6735.7359608688712,1.1948905270037526
