date,equity,cash,quantity,drawdown,halted,signal
2023-01-01,100000,100000,0,0,False,0
2023-01-02,100000,100000,0,0,False,0
2023-01-03,100000,100000,0,0,False,0
2023-01-04,100000,100000,0,0,False,0
2023-01-05,100000,100000,0,0,False,0
2023-01-06,100000,100000,0,0,False,0
2023-01-07,100000,100000,0,0,False,0
2023-01-08,100000,100000,0,0,False,0
2023-01-09,100000,100000,0,0,False,1
2023-01-10,101351.471717,4924,5.52888891342,0,False,0
2023-01-11,104130.291285,4924,5.52888891342,0,False,0
2023-01-12,109124.868373,4924,5.52888891342,0,False,0
2023-01-13,115114.811333,4924,5.52888891342,0,False,0
2023-01-14,120781.42487,4924,5.52888891342,0,False,0
2023-01-15,120320.204956,4924,5.52888891342,-0.00381863282086,False,0
2023-01-16,122057.105409,4924,5.52888891342,0,False,0
2023-01-17,121776.016696,4924,5.52888891342,-0.00230292789115,False,0
2023-01-18,119247.434641,4924,5.52888891342,-0.0230193134485,False,0
2023-01-19,121426.480339,4924,5.52888891342,-0.00516663956067,False,0
2023-01-20,130248.486067,4924,5.52888891342,0,False,0
2023-01-21,130891.717003,4924,5.52888891342,0,False,0
2023-01-22,130473.345979,4924,5.52888891342,-0.00319631397354,False,0
2023-01-23,131626.50634,4924,5.52888891342,0,False,0
2023-01-24,130058.7346,4924,5.52888891342,-0.0119107601036,False,0
2023-01-25,132425.375499,4924,5.52888891342,0,False,0
2023-01-26,132141.798787,4924,5.52888891342,-0.00214140765167,False,0
2023-01-27,132498.467411,4924,5.52888891342,0,False,0
2023-01-28,132213.397898,4924,5.52888891342,-0.00215149290363,False,0
2023-01-29,136192.539249,4924,5.52888891342,0,False,0
2023-01-30,131127.247671,4924,5.52888891342,-0.0371921369993,False,0
2023-01-31,132780.274878,4924,5.52888891342,-0.0250547084995,False,0
2023-02-01,136139.24076,4924,5.52888891342,-0.00039134661428,False,0
2023-02-02,134791.739954,4924,5.52888891342,-0.0102854334226,False,0
2023-02-03,134476.37213,4924,5.52888891342,-0.0126010362109,False,0
2023-02-04,133895.507061,4924,5.52888891342,-0.0168660647686,False,0
2023-02-05,131717.511852,4924,5.52888891342,-0.0328580950345,False,0
2023-02-06,130775.44447,4924,5.52888891342,-0.0397752682302,False,0
2023-02-07,133417.921637,4924,5.52888891342,-0.0203727577708,False,0
2023-02-08,131883.876119,4924,5.52888891342,-0.0316365577291,False,0
2023-02-09,125433.597868,4924,5.52888891342,-0.0789980232426,False,0
2023-02-10,124487.273242,4924,5.52888891342,-0.0859464554522,False,-1
2023-02-11,124367.729099,124367.729099,0,-0.0868242138358,False,0
2023-02-12,124367.729099,124367.729099,0,-0.0868242138358,False,0
2023-02-13,124367.729099,124367.729099,0,-0.0868242138358,False,0
2023-02-14,124367.729099,124367.729099,0,-0.0868242138358,False,0
2023-02-15,124367.729099,124367.729099,0,-0.0868242138358,False,0
2023-02-16,124367.729099,124367.729099,0,-0.0868242138358,False,0
2023-02-17,124367.729099,124367.729099,0,-0.0868242138358,False,0
2023-02-18,124367.729099,124367.729099,0,-0.0868242138358,False,0
2023-02-19,124367.729099,124367.729099,0,-0.0868242138358,False,0
2023-02-20,124367.729099,124367.729099,0,-0.0868242138358,False,1
2023-02-21,122387.018381,6123.86698081,4.75471906775,-0.101367673624,False,0
2023-02-22,121103.481968,6123.86698081,4.75471906775,-0.110792098922,False,0
2023-02-23,119952.792407,6123.86698081,4.75471906775,-0.119241090093,False,0
2023-02-24,116363.407435,6123.86698081,4.75471906775,-0.145596314771,False,0
2023-02-25,116229.229263,6123.86698081,4.75471906775,-0.146581524187,False,0
2023-02-26,118120.561414,6123.86698081,4.75471906775,-0.132694330651,False,0
2023-02-27,117822.155245,6123.86698081,4.75471906775,-0.134885391706,False,0
2023-02-28,116155.531118,6123.86698081,4.75471906775,-0.14712265622,False,0
2023-03-01,118472.981191,6123.86698081,4.75471906775,-0.130106672184,False,0
2023-03-02,117694.871416,6123.86698081,4.75471906775,-0.135819979093,False,0
2023-03-03,112412.473626,6123.86698081,4.75471906775,-0.174606228465,True,-1
2023-03-04,112375.529459,6123.86698081,4.75471906775,-0.174877492716,True,0
2023-03-05,112773.356803,6123.86698081,4.75471906775,-0.171956427094,True,0
2023-03-06,112677.121289,6123.86698081,4.75471906775,-0.172663040793,True,0
2023-03-07,111668.930658,6123.86698081,4.75471906775,-0.180065726995,True,0
2023-03-08,109327.136423,6123.86698081,4.75471906775,-0.19726045916,True,0
2023-03-09,102940.502677,6123.86698081,4.75471906775,-0.244154611963,True,0
2023-03-10,101934.736952,6123.86698081,4.75471906775,-0.251539493175,True,0
2023-03-11,103385.116457,6123.86698081,4.75471906775,-0.240890014779,True,0
2023-03-12,110713.945333,6123.86698081,4.75471906775,-0.187077750781,True,0
2023-03-13,120776.690127,6123.86698081,4.75471906775,-0.113191583089,True,0
2023-03-14,123424.735817,6123.86698081,4.75471906775,-0.0937481854916,True,0
2023-03-15,121595.357656,6123.86698081,4.75471906775,-0.107180479003,True,0
2023-03-16,124986.042917,6123.86698081,4.75471906775,-0.0822842161076,True,0
2023-03-17,136380.013955,6123.86698081,4.75471906775,0,True,0
2023-03-18,134061.422749,6123.86698081,4.75471906775,-0.0170009603237,True,1
2023-03-19,139127.00535,6123.86698081,4.75471906775,0,True,0
2023-03-20,137910.462929,6123.86698081,4.75471906775,-0.00874411418271,True,0
2023-03-21,139757.481098,6123.86698081,4.75471906775,0,True,0
2023-03-22,135694.573655,6123.86698081,4.75471906775,-0.0290711267223,True,0
2023-03-23,140660.592438,6123.86698081,4.75471906775,0,True,0
2023-03-24,136662.158985,6123.86698081,4.75471906775,-0.0284261098545,True,0
2023-03-25,136702.479003,6123.86698081,4.75471906775,-0.0281394622797,True,0
2023-03-26,139104.087604,6123.86698081,4.75471906775,-0.0110656780769,True,0
2023-03-27,135095.193769,6123.86698081,4.75471906775,-0.0395661540475,True,0
2023-03-28,135742.596317,6123.86698081,4.75471906775,-0.034963567516,True,0
2023-03-29,140913.495945,6123.86698081,4.75471906775,0,True,0
2023-03-30,139391.653013,6123.86698081,4.75471906775,-0.0107998380269,True,0
2023-03-31,141468.656943,6123.86698081,4.75471906775,0,True,0
2023-04-01,141408.604841,6123.86698081,4.75471906775,-0.000424490506401,True,0
2023-04-02,140073.194444,6123.86698081,4.75471906775,-0.00986411074613,True,0
2023-04-03,138305.057064,6123.86698081,4.75471906775,-0.0223625497497,True,0
2023-04-04,140042.764242,6123.86698081,4.75471906775,-0.0100792128238,True,0
2023-04-05,140064.350667,6123.86698081,4.75471906775,-0.00992662478745,True,0
2023-04-06,139416.805477,6123.86698081,4.75471906775,-0.0145039297809,True,0
2023-04-07,138810.626343,6123.86698081,4.75471906775,-0.0187888303874,True,0
2023-04-08,138963.015089,6123.86698081,4.75471906775,-0.0177116395141,True,0
2023-04-09,140795.388723,6123.86698081,4.75471906775,-0.00475913346844,True,0
2023-04-10,147041.092596,6123.86698081,4.75471906775,0,True,0
2023-04-11,149718.379809,6123.86698081,4.75471906775,0,True,0
2023-04-12,148233.243308,6123.86698081,4.75471906775,-0.00991953361176,True,0
2023-04-13,150542.94319,6123.86698081,4.75471906775,0,True,0
2023-04-14,150985.559988,6123.86698081,4.75471906775,0,True,0
2023-04-15,150168.509063,6123.86698081,4.75471906775,-0.00541145076833,True,0
2023-04-16,150213.964177,6123.86698081,4.75471906775,-0.00511039473164,True,0
2023-04-17,146056.532919,6123.86698081,4.75471906775,-0.0326456852508,True,0
2023-04-18,150572.279806,6123.86698081,4.75471906775,-0.00273721660139,True,0
2023-04-19,143045.987447,6123.86698081,4.75471906775,-0.0525849792626,True,0
2023-04-20,140414.488179,6123.86698081,4.75471906775,-0.070013793437,True,0
2023-04-21,135751.01217,6123.86698081,4.75471906775,-0.100900694206,True,0
2023-04-22,138385.174081,6123.86698081,4.75471906775,-0.0834542449496,True,0
2023-04-23,137309.418892,6123.86698081,4.75471906775,-0.0905791328473,True,0
2023-04-24,136930.610423,6123.86698081,4.75471906775,-0.0930880381238,True,-1
2023-04-25,140686.172826,6123.86698081,4.75471906775,-0.0682143852847,True,0
2023-04-26,141230.588159,6123.86698081,4.75471906775,-0.0646086409121,True,0
2023-04-27,146258.608479,6123.86698081,4.75471906775,-0.0313073085187,True,0
2023-04-28,145492.765879,6123.86698081,4.75471906775,-0.0363795988775,True,0
2023-04-29,145106.444955,6123.86698081,4.75471906775,-0.0389382602772,True,0
2023-04-30,145119.567979,6123.86698081,4.75471906775,-0.0388513445176,True,0
2023-05-01,139580.558001,6123.86698081,4.75471906775,-0.0755370380265,True,0
2023-05-02,142440.996993,6123.86698081,4.75471906775,-0.0565919217426,True,0
2023-05-03,144135.103396,6123.86698081,4.75471906775,-0.0453716010445,True,0
2023-05-04,143241.216212,6123.86698081,4.75471906775,-0.0512919498832,True,0
2023-05-05,146414.753453,6123.86698081,4.75471906775,-0.0302731369449,True,1
2023-05-06,143288.953591,6123.86698081,4.75471906775,-0.0509757780623,True,0
2023-05-07,141301.005549,6123.86698081,4.75471906775,-0.064142255985,True,0
2023-05-08,137681.190375,6123.86698081,4.75471906775,-0.0881168345723,True,0
2023-05-09,137488.529159,6123.86698081,4.75471906775,-0.0893928586943,True,0
2023-05-10,137348.169852,6123.86698081,4.75471906775,-0.0903224794269,True,0
2023-05-11,134352.078726,6123.86698081,4.75471906775,-0.110166040138,True,-1
2023-05-12,133526.611948,6123.86698081,4.75471906775,-0.115633230361,True,0
2023-05-13,133432.801341,6123.86698081,4.75471906775,-0.116254552077,True,0
2023-05-14,134109.588053,6123.86698081,4.75471906775,-0.111772092217,True,0
2023-05-15,135272.21196,6123.86698081,4.75471906775,-0.10407185978,True,0
2023-05-16,134662.181503,6123.86698081,4.75471906775,-0.108112182951,True,0
2023-05-17,136429.843411,6123.86698081,4.75471906775,-0.0964046931222,True,0
2023-05-18,133651.518418,6123.86698081,4.75471906775,-0.114805956085,True,0
2023-05-19,133931.951749,6123.86698081,4.75471906775,-0.112948604093,True,0
2023-05-20,134988.307684,6123.86698081,4.75471906775,-0.105952200361,True,0
2023-05-21,133302.046567,6123.86698081,4.75471906775,-0.117120560551,True,0
2023-05-22,133784.603005,6123.86698081,4.75471906775,-0.113924516914,True,0
2023-05-23,135545.465665,6123.86698081,4.75471906775,-0.102262059526,True,0
2023-05-24,131310.912863,6123.86698081,4.75471906775,-0.130308137589,True,0
2023-05-25,131999.301089,6123.86698081,4.75471906775,-0.125748839159,True,0
2023-05-26,133103.014027,6123.86698081,4.75471906775,-0.118438782904,True,0
2023-05-27,133808.3766,6123.86698081,4.75471906775,-0.113767060828,True,0
2023-05-28,139565.057617,6123.86698081,4.75471906775,-0.0756396993947,True,0
2023-05-29,138002.656932,6123.86698081,4.75471906775,-0.0859877133756,True,0
2023-05-30,137802.958731,6123.86698081,4.75471906775,-0.0873103444991,True,1
2023-05-31,135501.436966,6123.86698081,4.75471906775,-0.102553668198,True,0
2023-06-01,133635.590109,6123.86698081,4.75471906775,-0.114911451662,True,0
2023-06-02,135654.729109,6123.86698081,4.75471906775,-0.101538391355,True,0
2023-06-03,134830.403464,6123.86698081,4.75471906775,-0.106998023685,True,0
2023-06-04,135049.072994,6123.86698081,4.75471906775,-0.105549742605,True,0
2023-06-05,128454.2301,6123.86698081,4.75471906775,-0.149228375811,True,0
2023-06-06,135595.247573,6123.86698081,4.75471906775,-0.101932346482,True,0
2023-06-07,131360.029111,6123.86698081,4.75471906775,-0.129982833315,True,0
2023-06-08,132117.313217,6123.86698081,4.75471906775,-0.124967227147,True,0
2023-06-09,132018.41506,6123.86698081,4.75471906775,-0.125622244466,True,-1
2023-06-10,128991.560902,6123.86698081,4.75471906775,-0.145669553352,True,0
2023-06-11,129392.573908,6123.86698081,4.75471906775,-0.143013584092,True,0
2023-06-12,129295.767828,6123.86698081,4.75471906775,-0.143654745274,True,0
2023-06-13,129433.939964,6123.86698081,4.75471906775,-0.142739610502,True,0
2023-06-14,125603.300547,6123.86698081,4.75471906775,-0.168110509661,True,0
2023-06-15,127837.495489,6123.86698081,4.75471906775,-0.153313101598,True,0
2023-06-16,131386.940821,6123.86698081,4.75471906775,-0.129804593026,True,0
2023-06-17,132204.704953,6123.86698081,4.75471906775,-0.124388418575,True,0
2023-06-18,131363.024584,6123.86698081,4.75471906775,-0.129962993848,True,0
2023-06-19,133761.209787,6123.86698081,4.75471906775,-0.114079453703,True,0
2023-06-20,140720.406804,6123.86698081,4.75471906775,-0.0679876485206,True,0
2023-06-21,148736.38768,6123.86698081,4.75471906775,-0.0148966053972,True,1
2023-06-22,148218.265943,6123.86698081,4.75471906775,-0.0183282033384,True,0
2023-06-23,152039.063091,6123.86698081,4.75471906775,0,True,0
2023-06-24,151273.220491,6123.86698081,4.75471906775,-0.00503714364368,True,0
2023-06-25,150965.257337,6123.86698081,4.75471906775,-0.00706269647041,True,0
2023-06-26,150039.656176,6123.86698081,4.75471906775,-0.013150613234,True,0
2023-06-27,152057.796685,6123.86698081,4.75471906775,0,True,0
2023-06-28,149133.501816,6123.86698081,4.75471906775,-0.0192314694281,True,0
2023-06-29,150892.2724,6123.86698081,4.75471906775,-0.00766500837504,True,0
2023-06-30,151009.666413,6123.86698081,4.75471906775,-0.00689297289681,True,0
2023-07-01,151551.228915,6123.86698081,4.75471906775,-0.00333141595185,True,0
2023-07-02,151699.24332,6123.86698081,4.75471906775,-0.00235800710465,True,0
2023-07-03,154262.845199,6123.86698081,4.75471906775,0,True,0
2023-07-04,152409.978726,6123.86698081,4.75471906775,-0.0120111000877,True,0
2023-07-05,151165.668746,6123.86698081,4.75471906775,-0.0200772677928,True,0
2023-07-06,148268.23804,6123.86698081,4.75471906775,-0.0388596952902,True,0
2023-07-07,150404.390676,6123.86698081,4.75471906775,-0.0250122089897,True,0
2023-07-08,150118.774702,6123.86698081,4.75471906775,-0.0268636980766,True,0
2023-07-09,149529.569915,6123.86698081,4.75471906775,-0.030683184137,True,0
2023-07-10,150722.33874,6123.86698081,4.75471906775,-0.0229511289957,True,0
2023-07-11,151723.349745,6123.86698081,4.75471906775,-0.0164621328668,True,0
2023-07-12,150572.232259,6123.86698081,4.75471906775,-0.0239241856042,True,-1
2023-07-13,155679.894123,6123.86698081,4.75471906775,0,True,1
2023-07-14,150248.95891,6123.86698081,4.75471906775,-0.0348852704722,True,-1
2023-07-15,150142.025278,6123.86698081,4.75471906775,-0.0355721519249,True,0
2023-07-16,149868.48629,6123.86698081,4.75471906775,-0.0373292123951,True,0
2023-07-17,149421.590245,6123.86698081,4.75471906775,-0.0401998210096,True,0
2023-07-18,148095.641738,6123.86698081,4.75471906775,-0.0487169677734,True,0
2023-07-19,148333.758069,6123.86698081,4.75471906775,-0.047187442511,True,0
2023-07-20,147814.4952,6123.86698081,4.75471906775,-0.0505228948654,True,0
2023-07-21,148298.145223,6123.86698081,4.75471906775,-0.0474161993843,True,0
2023-07-22,147785.966885,6123.86698081,4.75471906775,-0.0507061446972,True,0
2023-07-23,149163.646735,6123.86698081,4.75471906775,-0.0418567049051,True,0
2023-07-24,144849.927861,6123.86698081,4.75471906775,-0.0695656065491,True,0
2023-07-25,145099.122687,6123.86698081,4.75471906775,-0.0679649192687,True,0
2023-07-26,145684.190869,6123.86698081,4.75471906775,-0.0642067706357,True,0
2023-07-27,145069.97626,6123.86698081,4.75471906775,-0.0681521395135,True,0
2023-07-28,145504.367394,6123.86698081,4.75471906775,-0.0653618554086,True,0
2023-07-29,145688.660305,6123.86698081,4.75471906775,-0.0641780614954,True,0
2023-07-30,145347.223928,6123.86698081,4.75471906775,-0.0663712565652,True,0
2023-07-31,145115.003449,6123.86698081,4.75471906775,-0.0678629101957,True,0
2023-08-01,147367.50406,6123.86698081,4.75471906775,-0.0533941143127,True,0
2023-08-02,144895.145239,6123.86698081,4.75471906775,-0.0692751555658,True,0
2023-08-03,144931.423746,6123.86698081,4.75471906775,-0.0690421228631,True,0
2023-08-04,144552.710372,6123.86698081,4.75471906775,-0.0714747643797,True,0
2023-08-05,144353.677832,6123.86698081,4.75471906775,-0.0727532373726,True,0
2023-08-06,144431.132206,6123.86698081,4.75471906775,-0.0722557140794,True,0
2023-08-07,145014.250952,6123.86698081,4.75471906775,-0.0685100875182,True,0
2023-08-08,147673.85061,6123.86698081,4.75471906775,-0.051426316536,True,0
2023-08-09,146777.918896,6123.86698081,4.75471906775,-0.0571812775024,True,0
2023-08-10,146177.683161,6123.86698081,4.75471906775,-0.0610368539626,True,0
2023-08-11,146036.37291,6123.86698081,4.75471906775,-0.0619445514626,True,0
2023-08-12,146056.057447,6123.86698081,4.75471906775,-0.0618181090787,True,1
2023-08-13,145455.393787,6123.86698081,4.75471906775,-0.0656764342864,True,0
2023-08-14,146059.671033,6123.86698081,4.75471906775,-0.0617948974334,True,0
2023-08-15,144961.663759,6123.86698081,4.75471906775,-0.0688478780414,True,0
2023-08-16,142729.370704,6123.86698081,4.75471906775,-0.0831868719602,True,0
2023-08-17,132710.702156,6123.86698081,4.75471906775,-0.147541158711,True,-1
2023-08-18,130003.317572,6123.86698081,4.75471906775,-0.164931873161,True,0
2023-08-19,130222.082196,6123.86698081,4.75471906775,-0.163526652368,True,0
2023-08-20,130649.911818,6123.86698081,4.75471906775,-0.160778515724,True,0
2023-08-21,130350.031686,6123.86698081,4.75471906775,-0.162704776872,True,0
2023-08-22,130012.82701,6123.86698081,4.75471906775,-0.164870789884,True,0
2023-08-23,131804.024777,6123.86698081,4.75471906775,-0.15336514378,True,0
2023-08-24,130602.64991,6123.86698081,4.75471906775,-0.161082099612,True,0
2023-08-25,130031.893434,6123.86698081,4.75471906775,-0.164748317913,True,0
2023-08-26,129829.152213,6123.86698081,4.75471906775,-0.166050613384,True,0
2023-08-27,130230.450502,6123.86698081,4.75471906775,-0.163472899084,True,0
2023-08-28,130317.12903,6123.86698081,4.75471906775,-0.162916125012,True,0
2023-08-29,137907.277267,6123.86698081,4.75471906775,-0.114161285606,True,0
2023-08-30,135927.649983,6123.86698081,4.75471906775,-0.126877296848,True,0
2023-08-31,129464.988279,6123.86698081,4.75471906775,-0.168389797486,True,0
2023-09-01,128819.63026,6123.86698081,4.75471906775,-0.172535214097,True,0
2023-09-02,129126.119451,6123.86698081,4.75471906775,-0.170566500071,True,0
2023-09-03,129609.67438,6123.86698081,4.75471906775,-0.167460415423,True,0
2023-09-04,128919.336719,6123.86698081,4.75471906775,-0.171894755935,True,0
2023-09-05,128758.056648,6123.86698081,4.75471906775,-0.172930728317,True,1
2023-09-06,128605.19243,6123.86698081,4.75471906775,-0.173912641999,True,0
2023-09-07,130959.016105,6123.86698081,4.75471906775,-0.158793003797,True,0
2023-09-08,129321.015386,6123.86698081,4.75471906775,-0.169314598304,True,0
2023-09-09,129278.745933,6123.86698081,4.75471906775,-0.169586113471,True,-1
2023-09-10,128993.462789,6123.86698081,4.75471906775,-0.171418611789,True,0
2023-09-11,125764.580617,6123.86698081,4.75471906775,-0.192159133164,True,0
2023-09-12,128986.283163,6123.86698081,4.75471906775,-0.171464729663,True,0
2023-09-13,130802.110375,6123.86698081,4.75471906775,-0.159800877872,True,0
2023-09-14,132231.997041,6123.86698081,4.75471906775,-0.150616090887,True,0
2023-09-15,132599.394183,6123.86698081,4.75471906775,-0.148256138471,True,0
2023-09-16,132407.636363,6123.86698081,4.75471906775,-0.149487882757,True,0
2023-09-17,132254.724598,6123.86698081,4.75471906775,-0.150470101855,True,0
2023-09-18,133372.083579,6123.86698081,4.75471906775,-0.143292816778,True,1
2023-09-19,135501.009041,6123.86698081,4.75471906775,-0.129617798082,True,0
2023-09-20,135095.621694,6123.86698081,4.75471906775,-0.132221778192,True,0
2023-09-21,132447.62355,6123.86698081,4.75471906775,-0.149231027576,True,0
2023-09-22,132504.965462,6123.86698081,4.75471906775,-0.148862695414,True,0
2023-09-23,132485.090737,6123.86698081,4.75471906775,-0.148990359463,True,0
2023-09-24,130927.539864,6123.86698081,4.75471906775,-0.158995189445,True,0
2023-09-25,131195.848661,6123.86698081,4.75471906775,-0.157271724777,True,0
2023-09-26,130800.541318,6123.86698081,4.75471906775,-0.159810956612,True,0
2023-09-27,131520.025407,6123.86698081,4.75471906775,-0.155189395855,True,0
2023-09-28,134602.985251,6123.86698081,4.75471906775,-0.13538619737,True,0
2023-09-29,134058.902748,6123.86698081,4.75471906775,-0.138881077078,True,0
2023-09-30,134323.265128,6123.86698081,4.75471906775,-0.13718296197,True,0
2023-10-01,139220.673315,6123.86698081,4.75471906775,-0.105724768768,True,0
2023-10-02,136852.537936,6123.86698081,4.75471906775,-0.120936337303,True,0
2023-10-03,136528.979304,6123.86698081,4.75471906775,-0.123014695811,True,0
2023-10-04,138203.163435,6123.86698081,4.75471906775,-0.112260679435,True,0
2023-10-05,136452.570968,6123.86698081,4.75471906775,-0.123505499944,True,0
2023-10-06,138928.353187,6123.86698081,4.75471906775,-0.107602468711,True,0
2023-10-07,139049.978901,6123.86698081,4.75471906775,-0.106821213595,True,0
2023-10-08,138861.596931,6123.86698081,4.75471906775,-0.108031273318,True,0
2023-10-09,137307.136626,6123.86698081,4.75471906775,-0.118016251234,True,0
2023-10-10,136356.192813,6123.86698081,4.75471906775,-0.124124578959,True,0
2023-10-11,133909.414381,6123.86698081,4.75471906775,-0.139841306196,True,0
2023-10-12,133358.389988,6123.86698081,4.75471906775,-0.143380776697,True,0
2023-10-13,133845.130579,6123.86698081,4.75471906775,-0.140254229151,True,0
2023-10-14,133799.865653,6123.86698081,4.75471906775,-0.14054498555,True,0
2023-10-15,135234.221754,6123.86698081,4.75471906775,-0.131331489426,True,0
2023-10-16,141637.069093,6123.86698081,4.75471906775,-0.090203202602,True,0
2023-10-17,141138.441704,6123.86698081,4.75471906775,-0.0934061042447,True,0
2023-10-18,140777.51098,6123.86698081,4.75471906775,-0.0957245200329,True,-1
2023-10-19,142649.491424,6123.86698081,4.75471906775,-0.0836999714892,True,0
2023-10-20,147191.817191,6123.86698081,4.75471906775,-0.05452262786,True,1
2023-10-21,148336.563353,6123.86698081,4.75471906775,-0.0471694229442,True,0
2023-10-22,148729.588432,6123.86698081,4.75471906775,-0.0446448510953,True,0
2023-10-23,163362.379004,6123.86698081,4.75471906775,0,True,0
2023-10-24,167416.918142,6123.86698081,4.75471906775,0,True,0
2023-10-25,170142.893678,6123.86698081,4.75471906775,0,True,0
2023-10-26,168505.415978,6123.86698081,4.75471906775,-0.00962413218881,True,0
2023-10-27,167270.900719,6123.86698081,4.75471906775,-0.0168798878191,True,0
2023-10-28,168169.447529,6123.86698081,4.75471906775,-0.0115987574116,True,0
2023-10-29,170284.774495,6123.86698081,4.75471906775,0,True,0
2023-10-30,170041.523067,6123.86698081,4.75471906775,-0.00142849781038,True,0
2023-10-31,170826.241902,6123.86698081,4.75471906775,0,True,0
2023-11-01,174542.815609,6123.86698081,4.75471906775,0,True,0
2023-11-02,172261.311211,6123.86698081,4.75471906775,-0.0130713165679,True,0
2023-11-03,171192.402818,6123.86698081,4.75471906775,-0.0191953634952,True,0
2023-11-04,172834.159765,6123.86698081,4.75471906775,-0.00978932211118,True,0
2023-11-05,172595.520415,6123.86698081,4.75471906775,-0.0111565473916,True,0
2023-11-06,172758.179354,6123.86698081,4.75471906775,-0.0102246331289,True,0
2023-11-07,174436.737826,6123.86698081,4.75471906775,-0.000607746483472,True,0
2023-11-08,175509.402448,6123.86698081,4.75471906775,0,True,0
2023-11-09,180627.239411,6123.86698081,4.75471906775,0,True,0
2023-11-10,183482.6384,6123.86698081,4.75471906775,0,True,0
2023-11-11,182666.585966,6123.86698081,4.75471906775,-0.00444757302769,True,0
2023-11-12,182353.392621,6123.86698081,4.75471906775,-0.00615451024924,True,0
2023-11-13,179494.855518,6123.86698081,4.75471906775,-0.0217338431412,True,0
2023-11-14,175159.787955,6123.86698081,4.75471906775,-0.0453604249292,True,0
2023-11-15,186128.972392,6123.86698081,4.75471906775,0,True,0
2023-11-16,178071.197535,6123.86698081,4.75471906775,-0.043291351977,True,0
2023-11-17,180212.77055,6123.86698081,4.75471906775,-0.0317854967209,True,0
2023-11-18,179994.909322,6123.86698081,4.75471906775,-0.0329559820295,True,0
2023-11-19,183759.505691,6123.86698081,4.75471906775,-0.0127302411321,True,0
2023-11-20,184182.295311,6123.86698081,4.75471906775,-0.010458753711,True,0
2023-11-21,176065.371749,6123.86698081,4.75471906775,-0.0540678891284,True,0
2023-11-22,183990.014472,6123.86698081,4.75471906775,-0.0114918053452,True,0
2023-11-23,183447.691215,6123.86698081,4.75471906775,-0.0144055014232,True,0
2023-11-24,185441.297373,6123.86698081,4.75471906775,-0.00369461567392,True,0
2023-11-25,185760.339022,6123.86698081,4.75471906775,-0.00198052653806,True,0
2023-11-26,184175.87644,6123.86698081,4.75471906775,-0.010493239856,True,0
2023-11-27,183202.442805,6123.86698081,4.75471906775,-0.0157231276174,True,0
2023-11-28,185941.969291,6123.86698081,4.75471906775,-0.00100469635937,True,0
2023-11-29,186112.045592,6123.86698081,4.75471906775,-9.09412417838e-05,True,0
2023-11-30,185490.698904,6123.86698081,4.75471906775,-0.00342920008344,True,0
2023-12-01,190048.382413,6123.86698081,4.75471906775,0,True,0
2023-12-02,193699.198355,6123.86698081,4.75471906775,0,True,0
2023-12-03,196180.733784,6123.86698081,4.75471906775,0,True,0
2023-12-04,205779.750827,6123.86698081,4.75471906775,0,True,0
2023-12-05,215680.121964,6123.86698081,4.75471906775,0,True,0
2023-12-06,214203.16358,6123.86698081,4.75471906775,-0.00684791148376,True,0
2023-12-07,211875.49086,6123.86698081,4.75471906775,-0.0176401564919,True,0
2023-12-08,216144.515375,6123.86698081,4.75471906775,0,True,0
2023-12-09,213969.754421,6123.86698081,4.75471906775,-0.0100616060076,True,0
2023-12-10,214330.685145,6123.86698081,4.75471906775,-0.00839174765465,True,0
2023-12-11,202272.19457,6123.86698081,4.75471906775,-0.0641807671168,True,0
2023-12-12,203408.52488,6123.86698081,4.75471906775,-0.0589234960358,True,0
2023-12-13,209954.061338,6123.86698081,4.75471906775,-0.0286403475318,True,0
2023-12-14,210682.626941,6123.86698081,4.75471906775,-0.0252696138286,True,0
2023-12-15,205538.211098,6123.86698081,4.75471906775,-0.049070429841,True,0
2023-12-16,207144.022369,6123.86698081,4.75471906775,-0.0416410890226,True,0
2023-12-17,202848.704257,6123.86698081,4.75471906775,-0.0615135253135,True,0
2023-12-18,208949.722029,6123.86698081,4.75471906775,-0.0332869577266,True,0
2023-12-19,207134.322742,6123.86698081,4.75471906775,-0.0416859646785,True,0
2023-12-20,213757.36112,6123.86698081,4.75471906775,-0.0110442508847,True,0
2023-12-21,214674.403787,6123.86698081,4.75471906775,-0.00680152159311,True,-1
2023-12-22,215184.29986,6123.86698081,4.75471906775,-0.00444246995611,True,0
2023-12-23,213915.360435,6123.86698081,4.75471906775,-0.0103132616466,True,0
2023-12-24,210536.371782,6123.86698081,4.75471906775,-0.0259462683265,True,0
2023-12-25,213316.123191,6123.86698081,4.75471906775,-0.0130856532711,True,0
2023-12-26,208241.887002,6123.86698081,4.75471906775,-0.0365617807143,True,1
2023-12-27,212615.848166,6123.86698081,4.75471906775,-0.0163254996446,True,0
2023-12-28,208502.588248,6123.86698081,4.75471906775,-0.0353556374724,True,0
2023-12-29,206140.396268,6123.86698081,4.75471906775,-0.0462843995368,True,0
2023-12-30,206489.059817,6123.86698081,4.75471906775,-0.0446712956899,True,0
2023-12-31,207170.41106,6123.86698081,4.75471906775,-0.0415190008411,True,0
2024-01-01,216185.21577,6123.86698081,4.75471906775,0,True,0
2024-01-02,219833.796994,6123.86698081,4.75471906775,0,True,0
2024-01-03,209840.899024,6123.86698081,4.75471906775,-0.045456604521,True,0
2024-01-04,216049.944013,6123.86698081,4.75471906775,-0.0172123351052,True,0
2024-01-05,216021.463246,6123.86698081,4.75471906775,-0.0173418910133,True,0
2024-01-06,215180.876462,6123.86698081,4.75471906775,-0.0211656287438,True,0
2024-01-07,214994.016002,6123.86698081,4.75471906775,-0.0220156366221,True,0
2024-01-08,229362.87212,6123.86698081,4.75471906775,0,True,0
2024-01-09,225363.963195,6123.86698081,4.75471906775,-0.0174348572103,True,0
2024-01-10,227950.48282,6123.86698081,4.75471906775,-0.00615788111661,True,0
2024-01-11,226453.554616,6123.86698081,4.75471906775,-0.0126843437052,True,0
2024-01-12,209543.729082,6123.86698081,4.75471906775,-0.0864095520524,True,0
2024-01-13,209854.022049,6123.86698081,4.75471906775,-0.0850567046473,True,0
2024-01-14,204549.467268,6123.86698081,4.75471906775,-0.108184051858,True,0
2024-01-15,208252.204742,6123.86698081,4.75471906775,-0.0920404736067,True,0
2024-01-16,211232.70039,6123.86698081,4.75471906775,-0.079045800057,True,0
2024-01-17,209512.205295,6123.86698081,4.75471906775,-0.086546992725,True,0
2024-01-18,202624.519253,6123.86698081,4.75471906775,-0.116576639537,True,0
2024-01-19,204200.851266,6123.86698081,4.75471906775,-0.109703984002,True,-1
2024-01-20,204376.823419,6123.86698081,4.75471906775,-0.108936762389,True,0
2024-01-21,203826.654875,6123.86698081,4.75471906775,-0.111335444174,True,0
2024-01-22,194258.686148,6123.86698081,4.75471906775,-0.153050864977,True,0
2024-01-23,195825.746458,6123.86698081,4.75471906775,-0.14621863317,True,0
2024-01-24,196716.210245,6123.86698081,4.75471906775,-0.142336296945,True,0
2024-01-25,196127.623572,6123.86698081,4.75471906775,-0.144902478071,True,0
2024-01-26,204982.907458,6123.86698081,4.75471906775,-0.106294294435,True,0
2024-01-27,206395.629587,6123.86698081,4.75471906775,-0.10013496221,True,0
2024-01-28,205969.749401,6123.86698081,4.75471906775,-0.101991758748,True,0
2024-01-29,212016.040356,6123.86698081,4.75471906775,-0.0756305133579,True,0
2024-01-30,210296.733941,6123.86698081,4.75471906775,-0.0831265234968,True,0
2024-01-31,208579.804886,6123.86698081,4.75471906775,-0.0906121685774,True,0
2024-02-01,210971.143294,6123.86698081,4.75471906775,-0.0801861637675,True,0
2024-02-02,211527.730708,6123.86698081,4.75471906775,-0.077759496326,True,1
2024-02-03,210629.516729,6123.86698081,4.75471906775,-0.0816756226405,True,0
2024-02-04,208593.498477,6123.86698081,4.75471906775,-0.0905524658418,True,0
2024-02-05,209191.73723,6123.86698081,4.75471906775,-0.0879442025794,True,0
2024-02-06,211047.266346,6123.86698081,4.75471906775,-0.0798542746018,True,0
2024-02-07,216993.755748,6123.86698081,4.75471906775,-0.0539281543578,True,0
2024-02-08,221458.674689,6123.86698081,4.75471906775,-0.034461538426,True,0
2024-02-09,230226.947216,6123.86698081,4.75471906775,0,True,0
2024-02-10,233166.88511,6123.86698081,4.75471906775,0,True,0
2024-02-11,235776.750406,6123.86698081,4.75471906775,0,True,0
2024-02-12,243466.46246,6123.86698081,4.75471906775,0,True,0
2024-02-13,242431.455213,6123.86698081,4.75471906775,-0.00425112862039,True,0
2024-02-14,252395.349397,6123.86698081,4.75471906775,0,True,0
2024-02-15,252798.692216,6123.86698081,4.75471906775,0,True,0
2024-02-16,253959.366687,6123.86698081,4.75471906775,0,True,0
2024-02-17,251670.112098,6123.86698081,4.75471906775,-0.00901425538822,True,0
2024-02-18,254023.840678,6123.86698081,4.75471906775,0,True,0
2024-02-19,252298.162939,6123.86698081,4.75471906775,-0.00679336921229,True,0
2024-02-20,254599.874893,6123.86698081,4.75471906775,0,True,0
2024-02-21,252653.150265,6123.86698081,4.75471906775,-0.00764621203654,True,0
2024-02-22,249985.89551,6123.86698081,4.75471906775,-0.0181224730974,True,0
2024-02-23,247398.044563,6123.86698081,4.75471906775,-0.0282868573026,True,0
2024-02-24,251316.265905,6123.86698081,4.75471906775,-0.0128971351206,True,0
2024-02-25,252080.016429,6123.86698081,4.75471906775,-0.0098973279755,True,0
2024-02-26,265144.177634,6123.86698081,4.75471906775,0,True,0
2024-02-27,277320.395053,6123.86698081,4.75471906775,0,True,0
2024-02-28,302970.963291,6123.86698081,4.75471906775,0,True,0
2024-02-29,296784.503217,6123.86698081,4.75471906775,-0.0204193167762,True,0
2024-03-01,302760.804708,6123.86698081,4.75471906775,-0.00069365915635,True,0
2024-03-02,300855.969155,6123.86698081,4.75471906775,-0.00698084764542,True,0
2024-03-03,306213.063581,6123.86698081,4.75471906775,0,True,0
2024-03-04,330613.04561,6123.86698081,4.75471906775,0,True,0
2024-03-05,309113.632401,6123.86698081,4.75471906775,-0.0650289318408,True,0
2024-03-06,320287.364852,6123.86698081,4.75471906775,-0.0312319217132,True,0
2024-03-07,323849.267547,6123.86698081,4.75471906775,-0.0204582915056,True,0
2024-03-08,330035.252149,6123.86698081,4.75471906775,-0.00174764265592,True,0
2024-03-09,330934.27443,6123.86698081,4.75471906775,0,True,0
2024-03-10,333989.70445,6123.86698081,4.75471906775,0,True,0
2024-03-11,348834.983418,6123.86698081,4.75471906775,0,True,0
2024-03-12,345858.101357,6123.86698081,4.75471906775,-0.00853378302818,True,0
2024-03-13,353562.648134,6123.86698081,4.75471906775,0,True,0
2024-03-14,345558.221225,6123.86698081,4.75471906775,-0.0226393453925,True,0
2024-03-15,336576.128982,6123.86698081,4.75471906775,-0.0480438735322,True,0
2024-03-16,316610.017578,6123.86698081,4.75471906775,-0.104515085944,True,0
2024-03-17,331315.650447,6123.86698081,4.75471906775,-0.0629223641272,True,0
2024-03-18,327590.375604,6123.86698081,4.75471906775,-0.0734587566507,True,0
2024-03-19,300618.803768,6123.86698081,4.75471906775,-0.149743884559,True,0
2024-03-20,328686.433444,6123.86698081,4.75471906775,-0.0703587180994,True,0
2024-03-21,317564.004412,6123.86698081,4.75471906775,-0.101816874358,True,0
2024-03-22,309458.967647,6123.86698081,4.75471906775,-0.124740779943,True,0
2024-03-23,310378.387673,6123.86698081,4.75471906775,-0.122140335493,True,-1
2024-03-24,325688.487977,6123.86698081,4.75471906775,-0.0788379663526,True,0
2024-03-25,338383.682982,6123.86698081,4.75471906775,-0.0429314726315,True,0
2024-03-26,338897.145095,6123.86698081,4.75471906775,-0.0414792204922,True,0
2024-03-27,336434.15307,6123.86698081,4.75471906775,-0.0484454315365,True,0
2024-03-28,342665.735428,6123.86698081,4.75471906775,-0.0308203164677,True,0
2024-03-29,338243.561412,6123.86698081,4.75471906775,-0.0433277859063,True,0
2024-03-30,336967.585002,6123.86698081,4.75471906775,-0.0469366976953,True,0
2024-03-31,345040.289677,6123.86698081,4.75471906775,-0.0241042386746,True,0
2024-04-01,337289.099106,6123.86698081,4.75471906775,-0.0460273422952,True,1
2024-04-02,317386.748485,6123.86698081,4.75471906775,-0.102318216702,True,0
2024-04-03,319760.732168,6123.86698081,4.75471906775,-0.0956037526715,True,0
2024-04-04,331764.068002,6123.86698081,4.75471906775,-0.0616540809597,True,0
2024-04-05,328591.862082,6123.86698081,4.75471906775,-0.0706261993018,True,0
2024-04-06,333704.991873,6123.86698081,4.75471906775,-0.0561644629786,True,0
2024-04-07,335913.03586,6123.86698081,4.75471906775,-0.0499193349948,True,0
2024-04-08,346656.846613,6123.86698081,4.75471906775,-0.0195320449081,True,0
2024-04-09,334893.67164,6123.86698081,4.75471906775,-0.0528024569148,True,0
2024-04-10,341954.809833,6123.86698081,4.75471906775,-0.0328310650543,True,0
2024-04-11,338983.823623,6123.86698081,4.75471906775,-0.04123406301,True,-1
2024-04-12,325244.064386,6123.86698081,4.75471906775,-0.0800949531797,True,0
2024-04-13,310066.953574,6123.86698081,4.75471906775,-0.123021181082,True,0
2024-04-14,318327.469652,6123.86698081,4.75471906775,-0.0996575251029,True,0
2024-04-15,307668.10271,6123.86698081,4.75471906775,-0.129805978279,True,0
2024-04-16,309443.51481,6123.86698081,4.75471906775,-0.124784486022,True,0
2024-04-17,297480.546541,6123.86698081,4.75471906775,-0.158619984008,True,0
2024-04-18,307906.266588,6123.86698081,4.75471906775,-0.129132366744,True,0
2024-04-19,309560.575994,6123.86698081,4.75471906775,-0.124453395665,True,0
2024-04-20,314898.128525,6123.86698081,4.75471906775,-0.109356912597,True,0
2024-04-21,314900.791167,6123.86698081,4.75471906775,-0.109349381703,True,0
2024-04-22,323830.961879,6123.86698081,4.75471906775,-0.0840917059883,True,0
2024-04-23,321903.779146,6123.86698081,4.75471906775,-0.0895424591793,True,0
2024-04-24,311802.806412,6123.86698081,4.75471906775,-0.118111576387,True,0
2024-04-25,312795.354017,6123.86698081,4.75471906775,-0.115304301324,True,0
2024-04-26,309332.349478,6123.86698081,4.75471906775,-0.125098900829,True,0
2024-04-27,307867.753364,6123.86698081,4.75471906775,-0.12924129574,True,0
2024-04-28,306235.173025,6123.86698081,4.75471906775,-0.133858809349,True,0
2024-04-29,309788.754962,6123.86698081,4.75471906775,-0.123808024981,True,0
2024-04-30,294602.182259,6123.86698081,4.75471906775,-0.166761014451,True,0
2024-05-01,283632.902729,6123.86698081,4.75471906775,-0.197786009848,True,0
2024-05-02,286940.475501,6123.86698081,4.75471906775,-0.188431026255,True,0
2024-05-03,305110.158946,6123.86698081,4.75471906775,-0.137040746368,True,0
2024-05-04,309912.567846,6123.86698081,4.75471906775,-0.123457838429,True,0
2024-05-05,310482.943946,6123.86698081,4.75471906775,-0.12184461344,True,0
2024-05-06,306456.600292,6123.86698081,4.75471906775,-0.133232534859,True,0
2024-05-07,302400.301908,6123.86698081,4.75471906775,-0.144705178831,True,0
2024-05-08,297079.533535,6123.86698081,4.75471906775,-0.159754190374,True,0
2024-05-09,306023.065007,6123.86698081,4.75471906775,-0.134458725711,True,0
2024-05-10,295210.738753,6123.86698081,4.75471906775,-0.165039801827,True,0
2024-05-11,295334.361449,6123.86698081,4.75471906775,-0.164690153196,True,0
2024-05-12,298462.966595,6123.86698081,4.75471906775,-0.155841353236,True,0
2024-05-13,305386.265483,6123.86698081,4.75471906775,-0.136259819599,True,1
2024-05-14,298907.532828,6123.86698081,4.75471906775,-0.154583962969,True,0
2024-05-15,320917.17494,6123.86698081,4.75471906775,-0.0923329242122,True,0
2024-05-16,316298.963857,6123.86698081,4.75471906775,-0.105394855691,True,0
2024-05-17,324804.157778,6123.86698081,4.75471906775,-0.0813391643838,True,0
2024-05-18,324286.844343,6123.86698081,4.75471906775,-0.0828023094228,True,0
2024-05-19,321238.166024,6123.86698081,4.75471906775,-0.0914250480948,True,0
2024-05-20,345832.473421,6123.86698081,4.75471906775,-0.0218636633534,True,0
2024-05-21,339659.51675,6123.86698081,4.75471906775,-0.0393229642831,True,0
2024-05-22,334991.713947,6123.86698081,4.75471906775,-0.0525251586547,True,0
2024-05-23,329300.457864,6123.86698081,4.75471906775,-0.0686220402471,True,0
2024-05-24,332059.811528,6123.86698081,4.75471906775,-0.060817613851,True,0
2024-05-25,335581.061375,6123.86698081,4.75471906775,-0.0508582760483,True,0
2024-05-26,331858.591817,6123.86698081,4.75471906775,-0.0613867342375,True,0
2024-05-27,336274.584698,6123.86698081,4.75471906775,-0.0488967472305,True,0
2024-05-28,331338.996117,6123.86698081,4.75471906775,-0.0628563343281,True,0
2024-05-29,327792.118334,6123.86698081,4.75471906775,-0.0728881569815,True,0
2024-05-30,331119.233002,6123.86698081,4.75471906775,-0.0634779020091,True,0
2024-05-31,327257.640364,6123.86698081,4.75471906775,-0.074399849388,True,0
2024-06-01,328336.200837,6123.86698081,4.75471906775,-0.071349299566,True,0
2024-06-02,328330.40008,6123.86698081,4.75471906775,-0.0713657061556,True,0
2024-06-03,333295.610561,6123.86698081,4.75471906775,-0.0573223378669,True,0
2024-06-04,341511.479827,6123.86698081,4.75471906775,-0.0340849588358,True,0
2024-06-05,344222.43045,6123.86698081,4.75471906775,-0.0264174333266,True,0
2024-06-06,342753.507542,6123.86698081,4.75471906775,-0.03057206594,True,0
2024-06-07,335890.260756,6123.86698081,4.75471906775,-0.049983751031,True,-1
2024-06-08,335675.632737,6123.86698081,4.75471906775,-0.0505907948459,True,0
2024-06-09,337281.206272,6123.86698081,4.75471906775,-0.0460496660155,True,1
2024-06-10,336767.030952,6123.86698081,4.75471906775,-0.0475039353584,True,0
2024-06-11,326184.16744,6123.86698081,4.75471906775,-0.0774360098241,True,0
2024-06-12,330699.961875,6123.86698081,4.75471906775,-0.0646637487879,True,0
2024-06-13,323610.770839,6123.86698081,4.75471906775,-0.0847144839916,True,0
2024-06-14,320144.485544,6123.86698081,4.75471906775,-0.0945183626339,True,0
2024-06-15,321020.59008,6123.86698081,4.75471906775,-0.0920404296847,True,0
2024-06-16,323153.652148,6123.86698081,4.75471906775,-0.0860073770434,True,-1
2024-06-17,322333.27292,6123.86698081,4.75471906775,-0.0883276991484,True,0
2024-06-18,316014.203732,6123.86698081,4.75471906775,-0.106200257863,True,0
2024-06-19,315058.742935,6123.86698081,4.75471906775,-0.108902638337,True,0
2024-06-20,314562.445359,6123.86698081,4.75471906775,-0.110306343109,True,0
2024-06-21,311108.474786,6123.86698081,4.75471906775,-0.120075391369,True,0
2024-06-22,311671.67126,6123.86698081,4.75471906775,-0.118482472896,True,0
2024-06-23,306669.706801,6123.86698081,4.75471906775,-0.132629794412,True,0
2024-06-24,292801.570148,6123.86698081,4.75471906775,-0.171853781237,True,0
2024-06-25,299994.081229,6123.86698081,4.75471906775,-0.151510820466,True,0
2024-06-26,295519.795492,6123.86698081,4.75471906775,-0.16416568025,True,0
2024-06-27,299520.796493,6123.86698081,4.75471906775,-0.1528494368,True,0
2024-06-28,293441.270052,6123.86698081,4.75471906775,-0.170044484053,True,0
2024-06-29,296098.397256,6123.86698081,4.75471906775,-0.162529190179,True,0
2024-06-30,304587.139849,6123.86698081,4.75471906775,-0.138520029036,True,0
2024-07-01,305195.648795,6123.86698081,4.75471906775,-0.136798950891,True,0
2024-07-02,301560.570973,6123.86698081,4.75471906775,-0.147080234395,True,0
2024-07-03,292398.750349,6123.86698081,4.75471906775,-0.172993097851,True,0
2024-07-04,277380.637343,6123.86698081,4.75471906775,-0.215469623822,True,0
2024-07-05,275377.854577,6123.86698081,4.75471906775,-0.221134200599,True,0
2024-07-06,282991.776409,6123.86698081,4.75471906775,-0.199599341439,True,0
2024-07-07,271712.061271,6123.86698081,4.75471906775,-0.231502358339,True,0
2024-07-08,275785.952115,6123.86698081,4.75471906775,-0.219979956677,True,0
2024-07-09,282135.308864,6123.86698081,4.75471906775,-0.202021734048,True,0
2024-07-10,280594.066678,6123.86698081,4.75471906775,-0.20638091111,True,0
2024-07-11,278758.935307,6123.86698081,4.75471906775,-0.211571310551,True,0
2024-07-12,281370.274566,6123.86698081,4.75471906775,-0.20418552115,True,0
2024-07-13,287622.349762,6123.86698081,4.75471906775,-0.186502445097,True,0
2024-07-14,295200.848937,6123.86698081,4.75471906775,-0.165067773717,True,0
2024-07-15,313868.969583,6123.86698081,4.75471906775,-0.112267737447,True,0
2024-07-16,315389.766476,6123.86698081,4.75471906775,-0.107966386889,True,0
2024-07-17,310844.255048,6123.86698081,4.75471906775,-0.120822698077,True,0
2024-07-18,310368.450311,6123.86698081,4.75471906775,-0.122168441864,True,1
2024-07-19,323073.440037,6123.86698081,4.75471906775,-0.0862342452126,True,0
2024-07-20,325355.515001,6123.86698081,4.75471906775,-0.0797797314912,True,0
2024-07-21,330230.908839,6123.86698081,4.75471906775,-0.0659903963807,True,0
2024-07-22,327219.602611,6123.86698081,4.75471906775,-0.0745074335821,True,0
2024-07-23,319631.070979,6123.86698081,4.75471906775,-0.0959704802929,True,0
2024-07-24,316968.380754,6123.86698081,4.75471906775,-0.103501508356,True,0
2024-07-25,318984.143903,6123.86698081,4.75471906775,-0.0978002184731,True,0
2024-07-26,329007.281886,6123.86698081,4.75471906775,-0.0694512454227,True,0
2024-07-27,328952.650164,6123.86698081,4.75471906775,-0.0696057632214,True,0
2024-07-28,330632.872789,6123.86698081,4.75471906775,-0.0648535004102,True,0
2024-07-29,323666.305958,6123.86698081,4.75471906775,-0.0845574110683,True,0
2024-07-30,320829.212637,6123.86698081,4.75471906775,-0.0925817126609,True,0
2024-07-31,313411.850891,6123.86698081,4.75471906775,-0.113560630499,True,0
2024-08-01,316863.872029,6123.86698081,4.75471906775,-0.103797095929,True,0
2024-08-02,298531.149267,6123.86698081,4.75471906775,-0.155648508569,True,0
2024-08-03,294725.757408,6123.86698081,4.75471906775,-0.166411500301,True,-1
2024-08-04,282663.08268,6123.86698081,4.75471906775,-0.200529003355,True,0
2024-08-05,262968.132905,6123.86698081,4.75471906775,-0.256233274944,True,0
2024-08-06,272492.786142,6123.86698081,4.75471906775,-0.229294192756,True,0
2024-08-07,268271.308817,6123.86698081,4.75471906775,-0.241234021091,True,0
2024-08-08,299423.419847,6123.86698081,4.75471906775,-0.153124852337,True,0
2024-08-09,295391.418077,6123.86698081,4.75471906775,-0.164528776905,True,0
2024-08-10,295798.041652,6123.86698081,4.75471906775,-0.163378701871,True,0
2024-08-11,285285.738171,6123.86698081,4.75471906775,-0.193111207657,True,0
2024-08-12,288300.467796,6123.86698081,4.75471906775,-0.184584487878,True,0
2024-08-13,294198.744347,6123.86698081,4.75471906775,-0.167902079309,True,0
2024-08-14,285146.900374,6123.86698081,4.75471906775,-0.193503889965,True,0
2024-08-15,279715.442141,6123.86698081,4.75471906775,-0.208865971512,True,0
2024-08-16,286056.050207,6123.86698081,4.75471906775,-0.190932493247,True,0
2024-08-17,288991.566212,6123.86698081,4.75471906775,-0.182629817552,True,0
2024-08-18,283929.502104,6123.86698081,4.75471906775,-0.196947122095,True,0
2024-08-19,288737.236289,6123.86698081,4.75471906775,-0.18334915237,True,0
2024-08-20,286717.907101,6123.86698081,4.75471906775,-0.189060528271,True,0
2024-08-21,296903.60893,6123.86698081,4.75471906775,-0.160251767271,True,1
2024-08-22,293194.02466,6123.86698081,4.75471906775,-0.170743781315,True,0
2024-08-23,310602.953055,6123.86698081,4.75471906775,-0.121505185307,True,0
2024-08-24,311172.425758,6123.86698081,4.75471906775,-0.119894515442,True,0
2024-08-25,311471.925512,6123.86698081,4.75471906775,-0.119047424395,True,0
2024-08-26,304881.884884,6123.86698081,4.75471906775,-0.137686386012,True,0
2024-08-27,288625.500391,6123.86698081,4.75471906775,-0.18366518094,True,0
2024-08-28,286818.231674,6123.86698081,4.75471906775,-0.188776774959,True,0
2024-08-29,288359.283671,6123.86698081,4.75471906775,-0.184418135818,True,0
2024-08-30,287241.829595,6123.86698081,4.75471906775,-0.187578690478,True,0
2024-08-31,286528.621735,6123.86698081,4.75471906775,-0.189595894116,True,0
2024-09-01,278578.11334,6123.86698081,4.75471906775,-0.212082738914,True,0
2024-09-02,287280.533009,6123.86698081,4.75471906775,-0.187469223561,True,0
2024-09-03,279461.872974,6123.86698081,4.75471906775,-0.209583154645,True,0
2024-09-04,281759.210585,6123.86698081,4.75471906775,-0.203085472766,True,-1
2024-09-05,273243.984207,6123.86698081,4.75471906775,-0.227169539404,True,0
2024-09-06,262702.629392,6123.86698081,4.75471906775,-0.256984212618,True,0
2024-09-07,263643.540749,6123.86698081,4.75471906775,-0.254322983098,True,0
2024-09-08,267015.064492,6123.86698081,4.75471906775,-0.24478712358,True,0
2024-09-09,277342.552043,6123.86698081,4.75471906775,-0.215577342497,True,0
2024-09-10,280166.807623,6123.86698081,4.75471906775,-0.207589350569,True,0
2024-09-11,278749.948888,6123.86698081,4.75471906775,-0.211596727317,True,0
2024-09-12,282526.717337,6123.86698081,4.75471906775,-0.200914692691,True,0
2024-09-13,293774.861142,6123.86698081,4.75471906775,-0.169100970672,True,0
2024-09-14,291373.870654,6123.86698081,4.75471906775,-0.17589181948,True,0
2024-09-15,287279.914895,6123.86698081,4.75471906775,-0.187470971804,True,0
2024-09-16,282915.035244,6123.86698081,4.75471906775,-0.19981639255,True,0
2024-09-17,292899.945286,6123.86698081,4.75471906775,-0.171575541615,True,1
2024-09-18,299775.269058,6123.86698081,4.75471906775,-0.152129698542,True,0
2024-09-19,305423.87531,6123.86698081,4.75471906775,-0.136153445727,True,0
2024-09-20,306627.104518,6123.86698081,4.75471906775,-0.132750288709,True,0
2024-09-21,307330.375015,6123.86698081,4.75471906775,-0.130761191442,True,0
2024-09-22,308423.009457,6123.86698081,4.75471906775,-0.127670835468,True,0
2024-09-23,307287.725185,6123.86698081,4.75471906775,-0.130881820219,True,0
2024-09-24,311674.952016,6123.86698081,4.75471906775,-0.118473193759,True,0
2024-09-25,306393.933095,6123.86698081,4.75471906775,-0.133409779819,True,0
2024-09-26,316007.879955,6123.86698081,4.75471906775,-0.106218143736,True,0
2024-09-27,318841.502331,6123.86698081,4.75471906775,-0.0982036592007,True,0
2024-09-28,319260.155345,6123.86698081,4.75471906775,-0.0970195606651,True,0
2024-09-29,318042.994811,6123.86698081,4.75471906775,-0.100462120394,True,0
2024-09-30,307228.766669,6123.86698081,4.75471906775,-0.13104857572,True,0
2024-10-01,295238.268576,6123.86698081,4.75471906775,-0.164961937766,True,0
2024-10-02,294494.155042,6123.86698081,4.75471906775,-0.167066553562,True,0
2024-10-03,294985.935635,6123.86698081,4.75471906775,-0.165675624414,True,0
2024-10-04,301325.355021,6123.86698081,4.75471906775,-0.147745508155,True,0
2024-10-05,301192.222887,6123.86698081,4.75471906775,-0.148122052834,True,0
2024-10-06,304814.890892,6123.86698081,4.75471906775,-0.137875868674,True,0
2024-10-07,301981.506253,6123.86698081,4.75471906775,-0.145889680808,True,-1
2024-10-08,301679.534045,6123.86698081,4.75471906775,-0.146743764828,True,0
2024-10-09,294431.107467,6123.86698081,4.75471906775,-0.167244874364,True,0
2024-10-10,292958.903802,6123.86698081,4.75471906775,-0.171408786114,True,0
2024-10-11,303483.997478,6123.86698081,4.75471906775,-0.141640105143,True,0
2024-10-12,306651.686415,6123.86698081,4.75471906775,-0.132680762424,True,0
2024-10-13,305053.149865,6123.86698081,4.75471906775,-0.137201988178,True,0
2024-10-14,320334.674307,6123.86698081,4.75471906775,-0.0939804416637,True,0
2024-10-15,325042.559392,6123.86698081,4.75471906775,-0.0806648804477,True,0
2024-10-16,327638.017889,6123.86698081,4.75471906775,-0.0733240074476,True,1
2024-10-17,326695.489929,6123.86698081,4.75471906775,-0.0759898092957,True,0
2024-10-18,331479.783349,6123.86698081,4.75471906775,-0.0624581383299,True,0
2024-10-19,331242.047395,6123.86698081,4.75471906775,-0.0631305395426,True,0
2024-10-20,334351.586119,6123.86698081,4.75471906775,-0.0543356661601,True,0
2024-10-21,326484.950968,6123.86698081,4.75471906775,-0.0765852878097,True,0
2024-10-22,326715.554843,6123.86698081,4.75471906775,-0.0759330586333,True,0
2024-10-23,323114.568357,6123.86698081,4.75471906775,-0.0861179198028,True,0
2024-10-24,330387.529285,6123.86698081,4.75471906775,-0.0655474184617,True,0
2024-10-25,323255.688419,6123.86698081,4.75471906775,-0.0857187824429,True,0
2024-10-26,325131.092261,6123.86698081,4.75471906775,-0.080414478236,True,0
2024-10-27,329547.940992,6123.86698081,4.75471906775,-0.0679220705847,True,0
2024-10-28,338774.52089,6123.86698081,4.75471906775,-0.0418260450377,True,0
2024-10-29,351965.110075,6123.86698081,4.75471906775,-0.00451840166942,True,0
2024-10-30,350102.78171,6123.86698081,4.75471906775,-0.00978572380959,True,0
2024-10-31,340342.627238,6123.86698081,4.75471906775,-0.0373908866384,True,0
2024-11-01,336557.87086,6123.86698081,4.75471906775,-0.0480955139454,True,0
2024-11-02,335981.266079,6123.86698081,4.75471906775,-0.0497263558468,True,0
2024-11-03,333134.378037,6123.86698081,4.75471906775,-0.0577783603694,True,0
2024-11-04,328731.603275,6123.86698081,4.75471906775,-0.070230961869,True,0
2024-11-05,335968.285696,6123.86698081,4.75471906775,-0.049763068953,True,0
2024-11-06,365447.448822,6123.86698081,4.75471906775,0,True,0
2024-11-07,366806.823003,6123.86698081,4.75471906775,0,True,0
2024-11-08,369906.376816,6123.86698081,4.75471906775,0,True,0
2024-11-09,370703.64811,6123.86698081,4.75471906775,0,True,0
2024-11-10,388260.686003,6123.86698081,4.75471906775,0,True,0
2024-11-11,427620.155352,6123.86698081,4.75471906775,0,True,0
2024-11-12,424310.965975,6123.86698081,4.75471906775,-0.00773861880774,True,0
2024-11-13,435832.553673,6123.86698081,4.75471906775,0,True,0
2024-11-14,421332.514856,6123.86698081,4.75471906775,-0.0332697470485,True,0
2024-11-15,438955.785987,6123.86698081,4.75471906775,0,True,0
2024-11-16,436839.222794,6123.86698081,4.75471906775,-0.0048218140883,True,0
2024-11-17,433363.855985,6123.86698081,4.75471906775,-0.0127391645804,True,0
2024-11-18,436255.153103,6123.86698081,4.75471906775,-0.0061524029743,True,0
2024-11-19,445035.740353,6123.86698081,4.75471906775,0,True,0
2024-11-20,454429.971645,6123.86698081,4.75471906775,0,True,0
2024-11-21,473594.152131,6123.86698081,4.75471906775,0,True,0
2024-11-22,476327.545029,6123.86698081,4.75471906775,0,True,0
2024-11-23,470528.689654,6123.86698081,4.75471906775,-0.0121740920414,True,0
2024-11-24,471611.053902,6123.86698081,4.75471906775,-0.00990178119168,True,0
2024-11-25,448360.33502,6123.86698081,4.75471906775,-0.0587142404448,True,0
2024-11-26,443392.366802,6123.86698081,4.75471906775,-0.0691439715611,True,0
2024-11-27,461926.023992,6123.86698081,4.75471906775,-0.0302344913441,True,0
2024-11-28,460884.122402,6123.86698081,4.75471906775,-0.0324218550609,True,0
2024-11-29,469518.787324,6123.86698081,4.75471906775,-0.0142942766508,True,0
2024-11-30,464516.775317,6123.86698081,4.75471906775,-0.0247954791503,True,0
2024-12-01,468212.09543,6123.86698081,4.75471906775,-0.0170375399951,True,0
2024-12-02,461819.09036,6123.86698081,4.75471906775,-0.030458987351,True,0
2024-12-03,461862.215662,6123.86698081,4.75471906775,-0.0303684502775,True,0
2024-12-04,474878.877223,6123.86698081,4.75471906775,-0.00304132696226,True,0
2024-12-05,467073.102477,6123.86698081,4.75471906775,-0.0194287369028,True,0
2024-12-06,480363.540762,6123.86698081,4.75471906775,0,True,0
2024-12-07,480796.933405,6123.86698081,4.75471906775,0,True,0
2024-12-08,486871.562486,6123.86698081,4.75471906775,0,True,0
2024-12-09,468646.153733,6123.86698081,4.75471906775,-0.0374337097445,True,0
2024-12-10,465396.445892,6123.86698081,4.75471906775,-0.0441083814478,True,0
2024-12-11,486944.832707,6123.86698081,4.75471906775,0,True,0
2024-12-12,481616.171501,6123.86698081,4.75471906775,-0.0109430490859,True,0
2024-12-13,488367.682388,6123.86698081,4.75471906775,0,True,0
2024-12-14,488347.474832,6123.86698081,4.75471906775,-4.13777503441e-05,True,0
2024-12-15,502820.792127,6123.86698081,4.75471906775,0,True,0
2024-12-16,510402.999983,6123.86698081,4.75471906775,0,True,0
2024-12-17,510759.984291,6123.86698081,4.75471906775,0,True,0
2024-12-18,482565.783993,6123.86698081,4.75471906775,-0.0552004878314,True,0
2024-12-19,469527.631101,6123.86698081,4.75471906775,-0.0807274541026,True,0
2024-12-20,471161.257479,6123.86698081,4.75471906775,-0.0775290313061,True,0
2024-12-21,468719.946973,6123.86698081,4.75471906775,-0.0823087920164,True,0
2024-12-22,458707.839938,6123.86698081,4.75471906775,-0.101911163665,True,0
2024-12-23,457258.601566,6123.86698081,4.75471906775,-0.104748579313,True,0
2024-12-24,475241.472099,6123.86698081,4.75471906775,-0.069540514691,True,0
2024-12-25,478883.682,6123.86698081,4.75471906775,-0.0624095529628,True,-1
2024-12-26,461586.014031,6123.86698081,4.75471906775,-0.0962760822535,True,0
2024-12-27,454489.262992,6123.86698081,4.75471906775,-0.110170575278,True,0
2024-12-28,459248.594137,6123.86698081,4.75471906775,-0.100852438988,True,0
2024-12-29,451822.673897,6123.86698081,4.75471906775,-0.115391401452,True,0
2024-12-30,447323.996452,6123.86698081,4.75471906775,-0.124199212527,True,0
2024-12-31,451051.458465,6123.86698081,4.75471906775,-0.11690133852,True,0
