date,valuation_time_utc,equity,nav,source_native_drawdown
2024-01-01,2024-01-02T00:00:00Z,100496.09465815214,1.0049609465815215,-0.0009501420483845058
2024-01-02,2024-01-03T00:00:00Z,101367.15663191125,1.0136715663191125,-0.012361059462537516
2024-01-03,2024-01-04T00:00:00Z,101355.21457799287,1.0135521457799286,-0.012477413100852708
2024-01-04,2024-01-05T00:00:00Z,103143.7180275431,1.031437180275431,-0.0010375410041294497
2024-01-05,2024-01-06T00:00:00Z,101818.06382963689,1.018180638296369,-0.014292964597956481
2024-01-06,2024-01-07T00:00:00Z,101230.95752920178,1.012309575292018,-0.019976777362615383
2024-01-07,2024-01-08T00:00:00Z,100570.21447786564,1.0057021447786563,-0.026373472112034446
2024-01-08,2024-01-09T00:00:00Z,102002.61895249743,1.0200261895249743,-0.01250627492639167
2024-01-09,2024-01-10T00:00:00Z,101618.20511053446,1.0161820511053445,-0.016227809340588095
2024-01-10,2024-01-11T00:00:00Z,102419.7673137586,1.024197673137586,-0.008467835586300154
2024-01-11,2024-01-12T00:00:00Z,98217.62126295273,0.9821762126295273,-0.04914907396652346
2024-01-12,2024-01-13T00:00:00Z,98217.62126295273,0.9821762126295273,-0.04914907396652346
2024-01-13,2024-01-14T00:00:00Z,98217.62126295273,0.9821762126295273,-0.04914907396652346
2024-01-14,2024-01-15T00:00:00Z,98217.62126295273,0.9821762126295273,-0.04914907396652346
2024-01-15,2024-01-16T00:00:00Z,97936.56144714956,0.9793656144714956,-0.05187003159806447
2024-01-16,2024-01-17T00:00:00Z,97378.90011267015,0.9737890011267015,-0.05726878580819961
2024-01-17,2024-01-18T00:00:00Z,97342.23692895344,0.9734223692895344,-0.057623724379711416
2024-01-18,2024-01-19T00:00:00Z,97371.08426896016,0.9737108426896015,-0.05734445147932676
2024-01-19,2024-01-20T00:00:00Z,97371.08426896016,0.9737108426896015,-0.05734445147932676
2024-01-20,2024-01-21T00:00:00Z,97301.05030407211,0.9730105030407211,-0.0580224546676682
2024-01-21,2024-01-22T00:00:00Z,96846.03817808488,0.9684603817808488,-0.06242745547901052
2024-01-22,2024-01-23T00:00:00Z,96846.03817808488,0.9684603817808488,-0.06242745547901052
2024-01-23,2024-01-24T00:00:00Z,96846.03817808488,0.9684603817808488,-0.06242745547901052
2024-01-24,2024-01-25T00:00:00Z,96321.15757331568,0.9632115757331567,-0.06750885739736523
2024-01-25,2024-01-26T00:00:00Z,95952.77259515286,0.9595277259515286,-0.07107521537996353
2024-01-26,2024-01-27T00:00:00Z,97229.7011149827,0.972297011149827,-0.05871319062365088
2024-01-27,2024-01-28T00:00:00Z,96780.90098369085,0.9678090098369085,-0.06305805272635145
2024-01-28,2024-01-29T00:00:00Z,96307.48327968722,0.9630748327968722,-0.06764123908806685
2024-01-29,2024-01-30T00:00:00Z,96682.60585164325,0.9668260585164326,-0.06400965403913228
2024-01-30,2024-01-31T00:00:00Z,96774.04724585144,0.9677404724585145,-0.06312440419045318
2024-01-31,2024-02-01T00:00:00Z,94798.16537670208,0.9479816537670208,-0.08225303997754385
2024-02-01,2024-02-02T00:00:00Z,94831.26428090427,0.9483126428090427,-0.08193260741863373
2024-02-02,2024-02-03T00:00:00Z,94750.63997411096,0.9475063997411096,-0.08271313636842348
2024-02-03,2024-02-04T00:00:00Z,94750.63997411096,0.9475063997411096,-0.08271313636842348
2024-02-04,2024-02-05T00:00:00Z,94750.63997411096,0.9475063997411096,-0.08271313636842348
2024-02-05,2024-02-06T00:00:00Z,93542.45065708204,0.9354245065708203,-0.09440969260902998
2024-02-06,2024-02-07T00:00:00Z,93408.50978317826,0.9340850978317826,-0.09570638257512243
2024-02-07,2024-02-08T00:00:00Z,94145.00083173552,0.9414500083173553,-0.08857636673345193
2024-02-08,2024-02-09T00:00:00Z,96036.10888697779,0.9603610888697779,-0.07026843153369433
2024-02-09,2024-02-10T00:00:00Z,98548.59777269728,0.9854859777269728,-0.04594486970318279
2024-02-10,2024-02-11T00:00:00Z,98452.71450499885,0.9845271450499885,-0.046873121606556434
2024-02-11,2024-02-12T00:00:00Z,98495.05156269851,0.9849505156269851,-0.04646325390663031
2024-02-12,2024-02-13T00:00:00Z,98994.31430857675,0.9899431430857675,-0.041629860080268144
2024-02-13,2024-02-14T00:00:00Z,99072.43999338486,0.9907243999338486,-0.040873520445978806
2024-02-14,2024-02-15T00:00:00Z,100230.619378345,1.00230619378345,-0.029661113481306955
2024-02-15,2024-02-16T00:00:00Z,100830.92096843875,1.0083092096843875,-0.023849556293296437
2024-02-16,2024-02-17T00:00:00Z,100030.36465303636,1.0003036465303636,-0.031599791984755154
2024-02-17,2024-02-18T00:00:00Z,100030.36465303636,1.0003036465303636,-0.031599791984755154
2024-02-18,2024-02-19T00:00:00Z,99634.13657591605,0.9963413657591605,-0.03543570074741642
2024-02-19,2024-02-20T00:00:00Z,99896.8143199066,0.998968143199066,-0.032892701101221555
2024-02-20,2024-02-21T00:00:00Z,98545.25460450303,0.9854525460450303,-0.04597723512328267
2024-02-21,2024-02-22T00:00:00Z,98545.25460450303,0.9854525460450303,-0.04597723512328267
2024-02-22,2024-02-23T00:00:00Z,98866.70312863494,0.9886670312863494,-0.04286527188376765
2024-02-23,2024-02-24T00:00:00Z,98866.70312863494,0.9886670312863494,-0.04286527188376765
2024-02-24,2024-02-25T00:00:00Z,98956.89964207557,0.9895689964207557,-0.04199207380355341
2024-02-25,2024-02-26T00:00:00Z,98561.74895393063,0.9856174895393063,-0.04581755229625151
2024-02-26,2024-02-27T00:00:00Z,99007.8450796037,0.9900784507960371,-0.04149886784083601
2024-02-27,2024-02-28T00:00:00Z,102355.89664169007,1.0235589664169007,-0.009086171551901945
2024-02-28,2024-02-29T00:00:00Z,99910.01528558799,0.9991001528558798,-0.05065321821788815
2024-02-29,2024-03-01T00:00:00Z,98859.43727304791,0.9885943727304791,-0.06063582959438585
2024-03-01,2024-03-02T00:00:00Z,97984.674061966,0.9798467406196599,-0.06894784553080813
2024-03-02,2024-03-03T00:00:00Z,97984.674061966,0.9798467406196599,-0.06894784553080813
2024-03-03,2024-03-04T00:00:00Z,98173.97847899671,0.981739784789967,-0.06714907151829763
2024-03-04,2024-03-05T00:00:00Z,103509.61980483333,1.0350961980483333,-0.016449710628926195
2024-03-05,2024-03-06T00:00:00Z,99847.91623452821,0.9984791623452821,-0.051243284530127275
2024-03-06,2024-03-07T00:00:00Z,101508.17533319262,1.015081753331926,-0.03546747238821002
2024-03-07,2024-03-08T00:00:00Z,100991.99014052647,1.0099199014052647,-0.04037227347407146
2024-03-08,2024-03-09T00:00:00Z,100186.92645435203,1.0018692645435203,-0.048022003257563894
2024-03-09,2024-03-10T00:00:00Z,100022.25576332118,1.0002225576332118,-0.04958670715773961
2024-03-10,2024-03-11T00:00:00Z,100896.0064130313,1.008960064130313,-0.04128431259788223
2024-03-11,2024-03-12T00:00:00Z,101850.11655669891,1.018501165566989,-0.032218340665365
2024-03-12,2024-03-13T00:00:00Z,102183.6387673931,1.021836387673931,-0.02904920655533283
2024-03-13,2024-03-14T00:00:00Z,101269.201836331,1.0126920183633101,-0.03773820290034424
2024-03-14,2024-03-15T00:00:00Z,101269.201836331,1.0126920183633101,-0.03773820290034424
2024-03-15,2024-03-16T00:00:00Z,101808.90750011182,1.0180890750011182,-0.032609909870308096
2024-03-16,2024-03-17T00:00:00Z,101808.90750011182,1.0180890750011182,-0.032609909870308096
2024-03-17,2024-03-18T00:00:00Z,102760.40377899035,1.0276040377899036,-0.02356877492854126
2024-03-18,2024-03-19T00:00:00Z,102167.87478893701,1.02167874788937,-0.029198996165239244
2024-03-19,2024-03-20T00:00:00Z,102167.87478893701,1.02167874788937,-0.029198996165239244
2024-03-20,2024-03-21T00:00:00Z,103628.18510562666,1.0362818510562666,-0.015323100985063953
2024-03-21,2024-03-22T00:00:00Z,103498.71765836718,1.0349871765836718,-0.016553303022867616
2024-03-22,2024-03-23T00:00:00Z,102184.53074279573,1.0218453074279572,-0.029040730988839414
2024-03-23,2024-03-24T00:00:00Z,101829.93330748964,1.0182993330748964,-0.03241012226631812
2024-03-24,2024-03-25T00:00:00Z,102357.49648163476,1.0235749648163477,-0.027397207393571876
2024-03-25,2024-03-26T00:00:00Z,101550.17002115845,1.0155017002115845,-0.0350684380996219
2024-03-26,2024-03-27T00:00:00Z,103007.85037100897,1.0300785037100897,-0.021217532912169323
2024-03-27,2024-03-28T00:00:00Z,102731.06705437679,1.027310670543768,-0.023847533019212164
2024-03-28,2024-03-29T00:00:00Z,103251.34417651524,1.0325134417651525,-0.018903850345106443
2024-03-29,2024-03-30T00:00:00Z,103251.34417651524,1.0325134417651525,-0.018903850345106443
2024-03-30,2024-03-31T00:00:00Z,103251.34417651524,1.0325134417651525,-0.018903850345106443
2024-03-31,2024-04-01T00:00:00Z,103517.26341612614,1.0351726341612615,-0.01637708089544776
2024-04-01,2024-04-02T00:00:00Z,100747.27084892652,1.0074727084892652,-0.04269760063227801
2024-04-02,2024-04-03T00:00:00Z,100868.13081020156,1.0086813081020156,-0.041549187082797534
2024-04-03,2024-04-04T00:00:00Z,101245.96084187398,1.0124596084187398,-0.03795903925223676
2024-04-04,2024-04-05T00:00:00Z,100523.83155116455,1.0052383155116456,-0.04482072490212863
2024-04-05,2024-04-06T00:00:00Z,100163.50277153894,1.0016350277153894,-0.04824457551753725
2024-04-06,2024-04-07T00:00:00Z,99849.54989179662,0.9984954989179662,-0.051227761489060164
2024-04-07,2024-04-08T00:00:00Z,100497.52195373697,1.0049752195373698,-0.04507071917523997
2024-04-08,2024-04-09T00:00:00Z,100350.92254583248,1.0035092254583249,-0.046463709414581444
2024-04-09,2024-04-10T00:00:00Z,100350.92254583248,1.0035092254583249,-0.046463709414581444
2024-04-10,2024-04-11T00:00:00Z,100362.33510404563,1.0036233510404564,-0.04635526707893989
2024-04-11,2024-04-12T00:00:00Z,100456.52172407314,1.0045652172407313,-0.04546030410296131
2024-04-12,2024-04-13T00:00:00Z,100242.37391007865,1.0024237391007864,-0.04749514052511805
2024-04-13,2024-04-14T00:00:00Z,100242.37391007865,1.0024237391007864,-0.04749514052511805
2024-04-14,2024-04-15T00:00:00Z,100242.37391007865,1.0024237391007864,-0.04749514052511805
2024-04-15,2024-04-16T00:00:00Z,97892.5682706982,0.978925682706982,-0.06982303643407872
2024-04-16,2024-04-17T00:00:00Z,97892.5682706982,0.978925682706982,-0.06982303643407872
2024-04-17,2024-04-18T00:00:00Z,97190.07517143221,0.9719007517143221,-0.07649813863585486
2024-04-18,2024-04-19T00:00:00Z,98177.91037864953,0.9817791037864952,-0.06711171053630782
2024-04-19,2024-04-20T00:00:00Z,92432.57927178615,0.9243257927178615,-0.12170395117387067
2024-04-20,2024-04-21T00:00:00Z,92242.81062508092,0.9224281062508092,-0.12350713630518895
2024-04-21,2024-04-22T00:00:00Z,92143.29940093608,0.9214329940093609,-0.12445269376630086
2024-04-22,2024-04-23T00:00:00Z,92915.5918793498,0.929155918793498,-0.11711435659478864
2024-04-23,2024-04-24T00:00:00Z,92602.14972487584,0.9260214972487584,-0.12009268964552566
2024-04-24,2024-04-25T00:00:00Z,92585.87197884053,0.9258587197884053,-0.120247361084311
2024-04-25,2024-04-26T00:00:00Z,92585.87197884053,0.9258587197884053,-0.120247361084311
2024-04-26,2024-04-27T00:00:00Z,92260.34316961527,0.9226034316961527,-0.12334054174825126
2024-04-27,2024-04-28T00:00:00Z,92260.34316961527,0.9226034316961527,-0.12334054174825126
2024-04-28,2024-04-29T00:00:00Z,92012.51330732425,0.9201251330732425,-0.12569542560572
2024-04-29,2024-04-30T00:00:00Z,92012.51330732425,0.9201251330732425,-0.12569542560572
2024-04-30,2024-05-01T00:00:00Z,90965.43557307518,0.9096543557307518,-0.1356447772742554
2024-05-01,2024-05-02T00:00:00Z,90965.43557307518,0.9096543557307518,-0.1356447772742554
2024-05-02,2024-05-03T00:00:00Z,91502.75774542053,0.9150275774542053,-0.13053913222317493
2024-05-03,2024-05-04T00:00:00Z,92860.3997918357,0.928603997918357,-0.11763879281383605
2024-05-04,2024-05-05T00:00:00Z,94015.19476906939,0.9401519476906939,-0.10666590994397329
2024-05-05,2024-05-06T00:00:00Z,93083.99154667869,0.9308399154667869,-0.11551421989402966
2024-05-06,2024-05-07T00:00:00Z,91047.91507360557,0.9104791507360558,-0.13486105556059425
2024-05-07,2024-05-08T00:00:00Z,91330.1261312939,0.913301261312939,-0.13217948095935017
2024-05-08,2024-05-09T00:00:00Z,91330.1261312939,0.913301261312939,-0.13217948095935017
2024-05-09,2024-05-10T00:00:00Z,91559.95162891732,0.9155995162891732,-0.1299956749023039
2024-05-10,2024-05-11T00:00:00Z,91505.4382465948,0.915054382465948,-0.13051366205228088
2024-05-11,2024-05-12T00:00:00Z,91518.42767051414,0.9151842767051414,-0.13039023631002888
2024-05-12,2024-05-13T00:00:00Z,91476.6451120405,0.914766451120405,-0.13078725494032528
2024-05-13,2024-05-14T00:00:00Z,91829.29058903194,0.9182929058903194,-0.12743641120624238
2024-05-14,2024-05-15T00:00:00Z,91450.19063920583,0.9145019063920583,-0.13103862582218884
2024-05-15,2024-05-16T00:00:00Z,95123.42732488758,0.9512342732488759,-0.09613546404898676
2024-05-16,2024-05-17T00:00:00Z,95050.96930487792,0.9505096930487792,-0.09682396147253192
2024-05-17,2024-05-18T00:00:00Z,94535.33008077765,0.9453533008077766,-0.1017235747551537
2024-05-18,2024-05-19T00:00:00Z,94425.52275301752,0.9442552275301752,-0.10276696598001933
2024-05-19,2024-05-20T00:00:00Z,94429.1957947066,0.944291957947066,-0.1027320646711074
2024-05-20,2024-05-21T00:00:00Z,95256.96790039631,0.952569679003963,-0.09486655907250208
2024-05-21,2024-05-22T00:00:00Z,94168.20632944551,0.9416820632944551,-0.10521199131526215
2024-05-22,2024-05-23T00:00:00Z,93825.79648619427,0.9382579648619428,-0.10846557587144401
2024-05-23,2024-05-24T00:00:00Z,92114.37611744543,0.9211437611744543,-0.12472752333190495
2024-05-24,2024-05-25T00:00:00Z,91568.21525799388,0.9156821525799389,-0.12991715374857116
2024-05-25,2024-05-26T00:00:00Z,91403.03228544125,0.9140303228544125,-0.13148672535708095
2024-05-26,2024-05-27T00:00:00Z,91403.03228544125,0.9140303228544125,-0.13148672535708095
2024-05-27,2024-05-28T00:00:00Z,90420.16668316397,0.9042016668316397,-0.14082593218013173
2024-05-28,2024-05-29T00:00:00Z,90261.4196931931,0.9026141969319309,-0.14233434896513242
2024-05-29,2024-05-30T00:00:00Z,89202.08480231556,0.8920208480231555,-0.15240016835880799
2024-05-30,2024-05-31T00:00:00Z,88037.27085924776,0.8803727085924776,-0.16346825162418865
2024-05-31,2024-06-01T00:00:00Z,86930.04867942452,0.8693004867942452,-0.17398909690810083
2024-06-01,2024-06-02T00:00:00Z,86930.04867942452,0.8693004867942452,-0.17398909690810083
2024-06-02,2024-06-03T00:00:00Z,86991.68022404925,0.8699168022404925,-0.1734034728505075
2024-06-03,2024-06-04T00:00:00Z,87556.41412117853,0.8755641412117853,-0.16803736109213718
2024-06-04,2024-06-05T00:00:00Z,87611.93442801153,0.8761193442801153,-0.16750980612715394
2024-06-05,2024-06-06T00:00:00Z,88231.4406632906,0.8823144066329061,-0.1616232466158276
2024-06-06,2024-06-07T00:00:00Z,88130.10514751349,0.8813010514751349,-0.16258613852919834
2024-06-07,2024-06-08T00:00:00Z,88267.22256005413,0.8826722256005413,-0.16128324638220326
2024-06-08,2024-06-09T00:00:00Z,88267.22256005413,0.8826722256005413,-0.16128324638220326
2024-06-09,2024-06-10T00:00:00Z,88154.39312796868,0.8815439312796868,-0.16235535369731524
2024-06-10,2024-06-11T00:00:00Z,87539.25909585351,0.8753925909585352,-0.1682003684546839
2024-06-11,2024-06-12T00:00:00Z,87539.25909585351,0.8753925909585352,-0.1682003684546839
2024-06-12,2024-06-13T00:00:00Z,85191.20267973002,0.8519120267973002,-0.19051164321245306
2024-06-13,2024-06-14T00:00:00Z,85191.20267973002,0.8519120267973002,-0.19051164321245306
2024-06-14,2024-06-15T00:00:00Z,85191.20267973002,0.8519120267973002,-0.19051164321245306
2024-06-15,2024-06-16T00:00:00Z,85191.20267973002,0.8519120267973002,-0.19051164321245306
2024-06-16,2024-06-17T00:00:00Z,85150.43029898386,0.8515043029898386,-0.1908990631156161
2024-06-17,2024-06-18T00:00:00Z,85225.74229603396,0.8522574229603396,-0.19018344715034252
2024-06-18,2024-06-19T00:00:00Z,83949.31646090158,0.8394931646090158,-0.20231206864341988
2024-06-19,2024-06-20T00:00:00Z,83758.83688985373,0.8375883688985373,-0.2041220089907676
2024-06-20,2024-06-21T00:00:00Z,82382.69714976911,0.8238269714976911,-0.21719811382167398
2024-06-21,2024-06-22T00:00:00Z,82382.69714976911,0.8238269714976911,-0.21719811382167398
2024-06-22,2024-06-23T00:00:00Z,82382.69714976911,0.8238269714976911,-0.21719811382167398
2024-06-23,2024-06-24T00:00:00Z,82230.09111279929,0.8223009111279929,-0.21864817915960533
2024-06-24,2024-06-25T00:00:00Z,82230.09111279929,0.8223009111279929,-0.21864817915960533
2024-06-25,2024-06-26T00:00:00Z,82434.63757154605,0.8243463757154604,-0.21670457498958207
2024-06-26,2024-06-27T00:00:00Z,82172.92929792094,0.8217292929792094,-0.21919133176388095
2024-06-27,2024-06-28T00:00:00Z,81925.1087629111,0.819251087629111,-0.2215461269933543
2024-06-28,2024-06-29T00:00:00Z,81998.90159643353,0.8199890159643353,-0.2208449461475417
2024-06-29,2024-06-30T00:00:00Z,81978.36421568345,0.8197836421568345,-0.2210400927128343
2024-06-30,2024-07-01T00:00:00Z,82135.85857141852,0.8213585857141852,-0.2195435784811175
2024-07-01,2024-07-02T00:00:00Z,81260.1765235789,0.8126017652357891,-0.22786432522111744
2024-07-02,2024-07-03T00:00:00Z,81290.88767257782,0.8129088767257783,-0.2275725073249475
2024-07-03,2024-07-04T00:00:00Z,81290.88767257782,0.8129088767257783,-0.2275725073249475
2024-07-04,2024-07-05T00:00:00Z,81290.88767257782,0.8129088767257783,-0.2275725073249475
2024-07-05,2024-07-06T00:00:00Z,81848.42693704503,0.8184842693704504,-0.22227475909694305
2024-07-06,2024-07-07T00:00:00Z,83118.91502716235,0.8311891502716235,-0.21020255816495748
2024-07-07,2024-07-08T00:00:00Z,82307.19356238401,0.8230719356238401,-0.2179155502817942
2024-07-08,2024-07-09T00:00:00Z,81558.70839773596,0.8155870839773596,-0.22502766992504664
2024-07-09,2024-07-10T00:00:00Z,82001.11678013759,0.8200111678013758,-0.22082389743170983
2024-07-10,2024-07-11T00:00:00Z,80653.87261396249,0.806538726139625,-0.2336254359939559
2024-07-11,2024-07-12T00:00:00Z,79082.6148848564,0.7908261488485641,-0.2485555555041299
2024-07-12,2024-07-13T00:00:00Z,78265.93537342802,0.7826593537342802,-0.25631565907038134
2024-07-13,2024-07-14T00:00:00Z,78437.763926472,0.78437763926472,-0.25468294103521427
2024-07-14,2024-07-15T00:00:00Z,78342.82097610203,0.7834282097610202,-0.25558509067585844
2024-07-15,2024-07-16T00:00:00Z,80656.5810038902,0.8065658100389019,-0.23359970082361958
2024-07-16,2024-07-17T00:00:00Z,78554.45891748607,0.7855445891748607,-0.25357410310888007
2024-07-17,2024-07-18T00:00:00Z,78458.68689150596,0.7845868689150596,-0.2544841306410457
2024-07-18,2024-07-19T00:00:00Z,78492.69454483705,0.7849269454483705,-0.25416098930077513
2024-07-19,2024-07-20T00:00:00Z,79107.54562155182,0.7910754562155182,-0.24831866319076568
2024-07-20,2024-07-21T00:00:00Z,79090.11963460136,0.7909011963460136,-0.24848424523560386
2024-07-21,2024-07-22T00:00:00Z,78477.98194428344,0.7847798194428344,-0.2543007886987363
2024-07-22,2024-07-23T00:00:00Z,77848.94729579265,0.7784894729579265,-0.2602778873656436
2024-07-23,2024-07-24T00:00:00Z,77848.94729579265,0.7784894729579265,-0.2602778873656436
2024-07-24,2024-07-25T00:00:00Z,78064.92684795357,0.7806492684795356,-0.2582256457341253
2024-07-25,2024-07-26T00:00:00Z,78389.66357341755,0.7838966357341756,-0.25513999146448607
2024-07-26,2024-07-27T00:00:00Z,79288.78295082941,0.7928878295082941,-0.2465965427927591
2024-07-27,2024-07-28T00:00:00Z,77692.31589845536,0.7769231589845536,-0.26176620175097465
2024-07-28,2024-07-29T00:00:00Z,77692.31589845536,0.7769231589845536,-0.26176620175097465
2024-07-29,2024-07-30T00:00:00Z,75936.55632667533,0.7593655632667533,-0.27844946112480196
2024-07-30,2024-07-31T00:00:00Z,75936.55632667533,0.7593655632667533,-0.27844946112480196
2024-07-31,2024-08-01T00:00:00Z,76029.02694168978,0.7602902694168978,-0.2775708036596575
2024-08-01,2024-08-02T00:00:00Z,76029.02694168978,0.7602902694168978,-0.2775708036596575
2024-08-02,2024-08-03T00:00:00Z,75433.76531699298,0.7543376531699298,-0.28322699044042166
2024-08-03,2024-08-04T00:00:00Z,74886.83420958236,0.7488683420958236,-0.2884239397671996
2024-08-04,2024-08-05T00:00:00Z,73179.63338917388,0.7317963338917387,-0.3046457930026115
2024-08-05,2024-08-06T00:00:00Z,73179.63338917388,0.7317963338917387,-0.3046457930026115
2024-08-06,2024-08-07T00:00:00Z,72947.07608926398,0.7294707608926398,-0.3068555566946529
2024-08-07,2024-08-08T00:00:00Z,72857.10269996723,0.7285710269996724,-0.30771048547562396
2024-08-08,2024-08-09T00:00:00Z,74441.95987693334,0.7444195987693334,-0.2926511437646224
2024-08-09,2024-08-10T00:00:00Z,73695.31539269727,0.7369531539269727,-0.2997457732291333
2024-08-10,2024-08-11T00:00:00Z,73554.7430172909,0.7355474301729089,-0.3010814944960959
2024-08-11,2024-08-12T00:00:00Z,72723.18483743642,0.7272318483743642,-0.3089829754402522
2024-08-12,2024-08-13T00:00:00Z,73207.08004507159,0.7320708004507159,-0.3043849943792434
2024-08-13,2024-08-14T00:00:00Z,73140.21340362163,0.7314021340362163,-0.3050203624220531
2024-08-14,2024-08-15T00:00:00Z,71743.21983683856,0.7174321983683856,-0.3182946206934071
2024-08-15,2024-08-16T00:00:00Z,69003.28540215615,0.6900328540215616,-0.3443295275085495
2024-08-16,2024-08-17T00:00:00Z,68469.85061156205,0.6846985061156206,-0.34939823458755015
2024-08-17,2024-08-18T00:00:00Z,68650.69943569423,0.6865069943569423,-0.3476798057724989
2024-08-18,2024-08-19T00:00:00Z,68372.49275351223,0.6837249275351223,-0.3503233307248754
2024-08-19,2024-08-20T00:00:00Z,68372.49275351223,0.6837249275351223,-0.3503233307248754
2024-08-20,2024-08-21T00:00:00Z,66696.86651826419,0.6669686651826419,-0.3662451616780118
2024-08-21,2024-08-22T00:00:00Z,66532.31734822453,0.6653231734822453,-0.36780871088351963
2024-08-22,2024-08-23T00:00:00Z,65491.20341797068,0.6549120341797068,-0.37770139437806005
2024-08-23,2024-08-24T00:00:00Z,65798.45382419284,0.6579845382419284,-0.3747818954317885
2024-08-24,2024-08-25T00:00:00Z,65749.6775796406,0.657496775796406,-0.37524536819436116
2024-08-25,2024-08-26T00:00:00Z,65526.38867446353,0.6552638867446353,-0.3773670634311357
2024-08-26,2024-08-27T00:00:00Z,65233.558035994756,0.6523355803599475,-0.38014954548203805
2024-08-27,2024-08-28T00:00:00Z,65233.558035994756,0.6523355803599475,-0.38014954548203805
2024-08-28,2024-08-29T00:00:00Z,65233.558035994756,0.6523355803599475,-0.38014954548203805
2024-08-29,2024-08-30T00:00:00Z,63685.95310582598,0.6368595310582598,-0.3948549156666604
2024-08-30,2024-08-31T00:00:00Z,64025.050573058885,0.6402505057305888,-0.3916328053676297
2024-08-31,2024-09-01T00:00:00Z,63920.959205706575,0.6392095920570657,-0.39262188343277404
2024-09-01,2024-09-02T00:00:00Z,63920.959205706575,0.6392095920570657,-0.39262188343277404
2024-09-02,2024-09-03T00:00:00Z,63986.48690682118,0.6398648690682118,-0.39199923802537506
2024-09-03,2024-09-04T00:00:00Z,62512.20739596472,0.6251220739596471,-0.4060078687425078
2024-09-04,2024-09-05T00:00:00Z,62496.67992290393,0.6249667992290393,-0.4061554110738479
2024-09-05,2024-09-06T00:00:00Z,61990.29084774204,0.6199029084774205,-0.41096712927307344
2024-09-06,2024-09-07T00:00:00Z,59983.74728382696,0.5998374728382696,-0.4300333426998586
2024-09-07,2024-09-08T00:00:00Z,59573.153642612015,0.5957315364261202,-0.433934810943992
2024-09-08,2024-09-09T00:00:00Z,59316.106916167395,0.593161069161674,-0.436377273612227
2024-09-09,2024-09-10T00:00:00Z,59237.548069027514,0.5923754806902751,-0.4371237412060871
2024-09-10,2024-09-11T00:00:00Z,58781.57290686755,0.5878157290686755,-0.4414564254873553
2024-09-11,2024-09-12T00:00:00Z,58877.9458374458,0.588779458374458,-0.4405406881487727
2024-09-12,2024-09-13T00:00:00Z,58795.67092212792,0.5879567092212792,-0.4413224658900248
2024-09-13,2024-09-14T00:00:00Z,59174.982611232044,0.5917498261123204,-0.43771823932360887
2024-09-14,2024-09-15T00:00:00Z,58796.38676990476,0.5879638676990476,-0.44131566389143384
2024-09-15,2024-09-16T00:00:00Z,58523.393388327575,0.5852339338832757,-0.4439096519666764
2024-09-16,2024-09-17T00:00:00Z,58523.393388327575,0.5852339338832757,-0.4439096519666764
2024-09-17,2024-09-18T00:00:00Z,58401.41082240159,0.5840141082240159,-0.44506873252596113
2024-09-18,2024-09-19T00:00:00Z,58465.76459646121,0.5846576459646121,-0.44445724179478263
2024-09-19,2024-09-20T00:00:00Z,59803.6524613516,0.598036524613516,-0.43174460697745765
2024-09-20,2024-09-21T00:00:00Z,59268.885688501614,0.5926888568850162,-0.43682597057607153
2024-09-21,2024-09-22T00:00:00Z,59268.885688501614,0.5926888568850162,-0.43682597057607153
2024-09-22,2024-09-23T00:00:00Z,59126.13749800998,0.5912613749800998,-0.4381823664775343
2024-09-23,2024-09-24T00:00:00Z,58866.91855020825,0.5886691855020825,-0.4406454696325992
2024-09-24,2024-09-25T00:00:00Z,58651.37960444236,0.5865137960444236,-0.4426935246141409
2024-09-25,2024-09-26T00:00:00Z,58318.279730502654,0.5831827973050265,-0.4458586456726531
2024-09-26,2024-09-27T00:00:00Z,59125.15052042375,0.5912515052042375,-0.4381917447565037
2024-09-27,2024-09-28T00:00:00Z,59204.974520550015,0.5920497452055001,-0.43743325565596425
2024-09-28,2024-09-29T00:00:00Z,59204.974520550015,0.5920497452055001,-0.43743325565596425
2024-09-29,2024-09-30T00:00:00Z,59143.983782923766,0.5914398378292377,-0.43801279075380695
2024-09-30,2024-10-01T00:00:00Z,59143.983782923766,0.5914398378292377,-0.43801279075380695
2024-10-01,2024-10-02T00:00:00Z,59143.983782923766,0.5914398378292377,-0.43801279075380695
2024-10-02,2024-10-03T00:00:00Z,59143.983782923766,0.5914398378292377,-0.43801279075380695
2024-10-03,2024-10-04T00:00:00Z,59143.983782923766,0.5914398378292377,-0.43801279075380695
2024-10-04,2024-10-05T00:00:00Z,58853.54262495591,0.5885354262495591,-0.4407725679175446
2024-10-05,2024-10-06T00:00:00Z,58418.90269405737,0.5841890269405737,-0.4449025244434551
2024-10-06,2024-10-07T00:00:00Z,58173.22262442321,0.581732226244232,-0.44723698093201136
2024-10-07,2024-10-08T00:00:00Z,57374.12290180871,0.5737412290180871,-0.454830041025322
2024-10-08,2024-10-09T00:00:00Z,57374.12290180871,0.5737412290180871,-0.454830041025322
2024-10-09,2024-10-10T00:00:00Z,57249.47555340995,0.5724947555340996,-0.45601444239611333
2024-10-10,2024-10-11T00:00:00Z,57249.47555340995,0.5724947555340996,-0.45601444239611333
2024-10-11,2024-10-12T00:00:00Z,57483.53958763721,0.5748353958763721,-0.4537903616871932
2024-10-12,2024-10-13T00:00:00Z,57466.03421751458,0.5746603421751458,-0.4539566980323767
2024-10-13,2024-10-14T00:00:00Z,57163.09656339114,0.5716309656339114,-0.4568352171297929
2024-10-14,2024-10-15T00:00:00Z,58135.06377603673,0.5813506377603673,-0.44759956700317416
2024-10-15,2024-10-16T00:00:00Z,57091.640006197835,0.5709164000619783,-0.4575141986354486
2024-10-16,2024-10-17T00:00:00Z,57201.83677311262,0.5720183677311262,-0.4564671069526547
2024-10-17,2024-10-18T00:00:00Z,57201.83677311262,0.5720183677311262,-0.4564671069526547
2024-10-18,2024-10-19T00:00:00Z,57144.90190050602,0.5714490190050602,-0.457008103147338
2024-10-19,2024-10-20T00:00:00Z,57144.90190050602,0.5714490190050602,-0.457008103147338
2024-10-20,2024-10-21T00:00:00Z,57113.19592385338,0.5711319592385338,-0.4573093739139614
2024-10-21,2024-10-22T00:00:00Z,56602.240537489975,0.5660224053748998,-0.4621644812852471
2024-10-22,2024-10-23T00:00:00Z,56620.34447464171,0.566203444746417,-0.4619924573452703
2024-10-23,2024-10-24T00:00:00Z,56486.84998102528,0.5648684998102529,-0.4632609244507764
2024-10-24,2024-10-25T00:00:00Z,56070.65078872074,0.5607065078872074,-0.4672156567432819
2024-10-25,2024-10-26T00:00:00Z,55457.63489984292,0.5545763489984291,-0.4730405448650977
2024-10-26,2024-10-27T00:00:00Z,55457.63489984292,0.5545763489984291,-0.4730405448650977
2024-10-27,2024-10-28T00:00:00Z,55319.67524168353,0.5531967524168353,-0.47435144004527563
2024-10-28,2024-10-29T00:00:00Z,56155.726943663016,0.5615572694366302,-0.46640726157218737
2024-10-29,2024-10-30T00:00:00Z,56827.307025219954,0.5682730702521995,-0.46002589542673533
2024-10-30,2024-10-31T00:00:00Z,56695.05456751278,0.5669505456751278,-0.4612825606844494
2024-10-31,2024-11-01T00:00:00Z,56728.43045513068,0.5672843045513067,-0.46096542239347227
2024-11-01,2024-11-02T00:00:00Z,56599.780827296956,0.5659978082729695,-0.46218785349622304
2024-11-02,2024-11-03T00:00:00Z,56599.780827296956,0.5659978082729695,-0.46218785349622304
2024-11-03,2024-11-04T00:00:00Z,56586.700422294,0.56586700422294,-0.4623121437423857
2024-11-04,2024-11-05T00:00:00Z,56384.5296179244,0.5638452961792441,-0.4642331744013237
2024-11-05,2024-11-06T00:00:00Z,56363.934180232885,0.5636393418023289,-0.46442887262472954
2024-11-06,2024-11-07T00:00:00Z,56800.54397759565,0.5680054397759565,-0.4602801983918604
2024-11-07,2024-11-08T00:00:00Z,56369.36522437144,0.5636936522437144,-0.46437726674457913
2024-11-08,2024-11-09T00:00:00Z,56324.90962782588,0.5632490962782588,-0.46479968463123533
2024-11-09,2024-11-10T00:00:00Z,56294.87250485369,0.5629487250485369,-0.4650850979198444
2024-11-10,2024-11-11T00:00:00Z,56408.57697644515,0.5640857697644515,-0.46400467596343664
2024-11-11,2024-11-12T00:00:00Z,59328.18246127812,0.5932818246127812,-0.4362625315630304
2024-11-12,2024-11-13T00:00:00Z,58650.49435876595,0.5865049435876595,-0.4427019362346535
2024-11-13,2024-11-14T00:00:00Z,56990.492723576426,0.5699049272357642,-0.45847530195395136
2024-11-14,2024-11-15T00:00:00Z,57038.602562017186,0.5703860256201718,-0.45801816139436646
2024-11-15,2024-11-16T00:00:00Z,56355.5609714938,0.563555609714938,-0.4645084350064079
2024-11-16,2024-11-17T00:00:00Z,56918.9385682255,0.569189385682255,-0.4591552108390753
2024-11-17,2024-11-18T00:00:00Z,56959.59284371792,0.5695959284371792,-0.45876891317418067
2024-11-18,2024-11-19T00:00:00Z,56267.5171615994,0.562675171615994,-0.4653450288888147
2024-11-19,2024-11-20T00:00:00Z,55528.22849516061,0.5552822849516061,-0.47236976323887425
2024-11-20,2024-11-21T00:00:00Z,55483.67254487727,0.5548367254487727,-0.47279313468857154
2024-11-21,2024-11-22T00:00:00Z,56542.194003714816,0.5654219400371482,-0.4627350445409295
2024-11-22,2024-11-23T00:00:00Z,56617.2651980197,0.566172651980197,-0.4620217166877192
2024-11-23,2024-11-24T00:00:00Z,56617.2651980197,0.566172651980197,-0.4620217166877192
2024-11-24,2024-11-25T00:00:00Z,56617.2651980197,0.566172651980197,-0.4620217166877192
2024-11-25,2024-11-26T00:00:00Z,56402.339381098944,0.5640233938109894,-0.4640639457078267
2024-11-26,2024-11-27T00:00:00Z,56402.339381098944,0.5640233938109894,-0.4640639457078267
2024-11-27,2024-11-28T00:00:00Z,56755.040459176336,0.5675504045917633,-0.4607125736512141
2024-11-28,2024-11-29T00:00:00Z,56892.52600001991,0.5689252600001992,-0.4594061835423914
2024-11-29,2024-11-30T00:00:00Z,56627.55328690991,0.5662755328690992,-0.4619239590800289
2024-11-30,2024-12-01T00:00:00Z,56627.55328690991,0.5662755328690992,-0.4619239590800289
2024-12-01,2024-12-02T00:00:00Z,56720.64340246802,0.5672064340246802,-0.461039415109455
2024-12-02,2024-12-03T00:00:00Z,56461.09184754,0.5646109184754,-0.46350567870348136
2024-12-03,2024-12-04T00:00:00Z,56356.038843046816,0.5635603884304682,-0.4645038942622226
2024-12-04,2024-12-05T00:00:00Z,56215.40031627277,0.5621540031627277,-0.4658402441006835
2024-12-05,2024-12-06T00:00:00Z,55840.94476442737,0.5584094476442737,-0.46939832756257394
2024-12-06,2024-12-07T00:00:00Z,54892.03089321365,0.5489203089321365,-0.4784149244197571
2024-12-07,2024-12-08T00:00:00Z,55013.508823347736,0.5501350882334773,-0.4772606389189422
2024-12-08,2024-12-09T00:00:00Z,55055.16317672433,0.5505516317672433,-0.47686483849580896
2024-12-09,2024-12-10T00:00:00Z,54664.57424062733,0.5466457424062733,-0.48057622166819125
2024-12-10,2024-12-11T00:00:00Z,54664.57424062733,0.5466457424062733,-0.48057622166819125
2024-12-11,2024-12-12T00:00:00Z,55135.32694474309,0.5513532694474309,-0.4761031209145775
2024-12-12,2024-12-13T00:00:00Z,55033.510502399346,0.5503351050239934,-0.4770705826009284
2024-12-13,2024-12-14T00:00:00Z,54838.40139900342,0.5483840139900342,-0.4789245128488204
2024-12-14,2024-12-15T00:00:00Z,54779.733053517455,0.5477973305351745,-0.479481980534321
2024-12-15,2024-12-16T00:00:00Z,54699.02002965547,0.5469902002965547,-0.4802489171545613
2024-12-16,2024-12-17T00:00:00Z,53275.20143925257,0.5327520143925256,-0.4937780672880766
2024-12-17,2024-12-18T00:00:00Z,53187.95083892665,0.5318795083892665,-0.49460712407874174
2024-12-18,2024-12-19T00:00:00Z,53187.95083892665,0.5318795083892665,-0.49460712407874174
2024-12-19,2024-12-20T00:00:00Z,52684.71180240471,0.526847118024047,-0.4993889105535372
2024-12-20,2024-12-21T00:00:00Z,53002.81875886842,0.5300281875886842,-0.4963662524694793
2024-12-21,2024-12-22T00:00:00Z,52518.93389343461,0.525189338934346,-0.5009641352587029
2024-12-22,2024-12-23T00:00:00Z,52518.93389343461,0.525189338934346,-0.5009641352587029
2024-12-23,2024-12-24T00:00:00Z,52421.77739919457,0.5242177739919457,-0.5018873180334462
2024-12-24,2024-12-25T00:00:00Z,52489.52487666475,0.5248952487666475,-0.5012435802707573
2024-12-25,2024-12-26T00:00:00Z,52643.67327254649,0.5264367327254649,-0.4997788594104021
2024-12-26,2024-12-27T00:00:00Z,52698.08337641779,0.5269808337641779,-0.4992618536141463
2024-12-27,2024-12-28T00:00:00Z,52698.08337641779,0.5269808337641779,-0.4992618536141463
2024-12-28,2024-12-29T00:00:00Z,52698.08337641779,0.5269808337641779,-0.4992618536141463
2024-12-29,2024-12-30T00:00:00Z,52549.09119294068,0.5254909119294068,-0.5006775800504838
2024-12-30,2024-12-31T00:00:00Z,51929.44616117321,0.5192944616117321,-0.5065654584085664
2024-12-31,2025-01-01T00:00:00Z,51437.929015308815,0.5143792901530881,-0.5112358632652095
