valuation_time_utc,equity,drawdown_from_full5m
2024-01-02T00:00:00Z,104160.58161618259,0
2024-01-03T00:00:00Z,105882.9138696572,-0.018490817007813631
2024-01-04T00:00:00Z,101165.71301154302,-0.062218136091204523
2024-01-05T00:00:00Z,104096.72586059023,-0.035048350885356072
2024-01-06T00:00:00Z,104083.28136231261,-0.035172978155592061
2024-01-07T00:00:00Z,103686.4778814278,-0.038851251128048658
2024-01-08T00:00:00Z,103598.26940357964,-0.039668922533770523
2024-01-09T00:00:00Z,110381.16467652236,-0.004613346861185974
2024-01-10T00:00:00Z,108493.45836076146,-0.036061872624135183
2024-01-11T00:00:00Z,109714.43876444116,-0.025213757155531979
2024-01-12T00:00:00Z,109007.80581072791,-0.049789610628041103
2024-01-13T00:00:00Z,101025.43235338757,-0.11937117989824175
2024-01-14T00:00:00Z,101171.90780540714,-0.11809436769876847
2024-01-15T00:00:00Z,98667.864389974493,-0.13992186941835993
2024-01-16T00:00:00Z,100415.76139059135,-0.12468562209473233
2024-01-17T00:00:00Z,101822.72027962719,-0.112421298968163
2024-01-18T00:00:00Z,101010.55138117043,-0.11950089587866652
2024-01-19T00:00:00Z,97759.182398706776,-0.14784276152618736
2024-01-20T00:00:00Z,98503.298344279174,-0.14135637555482017
2024-01-21T00:00:00Z,98586.366938812513,-0.14063227473498385
2024-01-22T00:00:00Z,98326.656939529843,-0.14289614141596874
2024-01-23T00:00:00Z,93810.046200125274,-0.18226699580031425
2024-01-24T00:00:00Z,94549.785389163226,-0.17581876158789533
2024-01-25T00:00:00Z,94970.133575712855,-0.17215462752848099
2024-01-26T00:00:00Z,94692.288092943854,-0.17457657944654437
2024-01-27T00:00:00Z,98872.472146733708,-0.1381383236000332
2024-01-28T00:00:00Z,99539.355173152027,-0.13232516943657102
2024-01-29T00:00:00Z,99338.316156336296,-0.13407760689760129
2024-01-30T00:00:00Z,102192.50009452495,-0.10919796446213714
2024-01-31T00:00:00Z,101380.8923187008,-0.11627267012149345
2024-02-01T00:00:00Z,100570.4067881419,-0.1233375932785552
2024-02-02T00:00:00Z,101699.25085554511,-0.11349756987059978
2024-02-03T00:00:00Z,101961.99091704392,-0.11120729043342004
2024-02-04T00:00:00Z,101537.98421092959,-0.1149033154503144
2024-02-05T00:00:00Z,100576.8709208697,-0.12328124606533919
2024-02-06T00:00:00Z,100859.27271941559,-0.12081957718796033
2024-02-07T00:00:00Z,101735.1851489382,-0.11318433414713114
2024-02-08T00:00:00Z,104542.25723089192,-0.088715361157988615
2024-02-09T00:00:00Z,106649.94606354587,-0.070342843598755755
2024-02-10T00:00:00Z,110789.05594062778,-0.034262627336222207
2024-02-11T00:00:00Z,112176.86932543857,-0.022165193698796437
2024-02-12T00:00:00Z,113408.87017762297,-0.011425962679933788
2024-02-13T00:00:00Z,117038.83982276918,-0.0065855566899394313
2024-02-14T00:00:00Z,116550.25912409274,-0.010732582784205857
2024-02-15T00:00:00Z,121253.76858997096,-0.0023851378200479001
2024-02-16T00:00:00Z,121444.16872167219,-0.016074980951373719
2024-02-17T00:00:00Z,121992.0713050694,-0.011635944763136452
2024-02-18T00:00:00Z,120911.41644935576,-0.020391271269836753
2024-02-19T00:00:00Z,122022.5065966628,-0.011389361949189936
2024-02-20T00:00:00Z,121207.89120352782,-0.017989270982653571
2024-02-21T00:00:00Z,122294.42662443133,-0.011630639106221419
2024-02-22T00:00:00Z,121375.46486653398,-0.019057581366870524
2024-02-23T00:00:00Z,120116.37301364662,-0.029233415575297461
2024-02-24T00:00:00Z,118894.76415261839,-0.039106316594283319
2024-02-25T00:00:00Z,120744.38146407693,-0.0241579241737645
2024-02-26T00:00:00Z,121104.91397798907,-0.02124414224442861
2024-02-27T00:00:00Z,127271.92104936611,-0.0072590839922641592
2024-02-28T00:00:00Z,133019.76951417467,-0.0078318731079344284
2024-02-29T00:00:00Z,145128.25724842542,-0.019084679049838682
2024-03-01T00:00:00Z,142207.90572939801,-0.038823202765936871
2024-03-02T00:00:00Z,145029.05076697789,-0.019755211166977316
2024-03-03T00:00:00Z,144129.86297065413,-0.025832780777115816
2024-03-04T00:00:00Z,146658.70800644867,-0.0087404316581330965
2024-03-05T00:00:00Z,158176.84984137071,-0.0017324004502867751
2024-03-06T00:00:00Z,148027.93700966705,-0.0705620539944114
2024-03-07T00:00:00Z,153302.5570910277,-0.037443764613268926
2024-03-08T00:00:00Z,154983.97228213152,-0.026886493376691023
2024-03-09T00:00:00Z,157904.0993521059,-0.019328542376155888
2024-03-10T00:00:00Z,158328.4876216104,-0.01669285739672155
2024-03-11T00:00:00Z,159770.81968140675,-0.012640154428986139
2024-03-12T00:00:00Z,166778.61290550427,-0.0081173211707118442
2024-03-13T00:00:00Z,165373.35982927156,-0.016474784765138861
2024-03-14T00:00:00Z,169010.33228487291,-0.007059888339391418
2024-03-15T00:00:00Z,165231.79981151375,-0.029522742240465916
2024-03-16T00:00:00Z,160991.75519527582,-0.054426343584993098
2024-03-17T00:00:00Z,151566.64566984365,-0.10978405594277674
2024-03-18T00:00:00Z,158508.51820706076,-0.069011459921189289
2024-03-19T00:00:00Z,156749.98232132941,-0.079340095728600901
2024-03-20T00:00:00Z,144017.90778299342,-0.15412103255583076
2024-03-21T00:00:00Z,157267.3822784173,-0.076301183775258186
2024-03-22T00:00:00Z,152016.98024988058,-0.10713904772518745
2024-03-23T00:00:00Z,148190.95435689631,-0.12961093946137858
2024-03-24T00:00:00Z,148624.97149077663,-0.12706177060653767
2024-03-25T00:00:00Z,155852.18610913458,-0.084613238108165012
2024-03-26T00:00:00Z,161845.0207153458,-0.049414749067455355
2024-03-27T00:00:00Z,162087.40324773311,-0.047991132453532481
2024-03-28T00:00:00Z,160924.73470803548,-0.054819983663627503
2024-03-29T00:00:00Z,163866.38644219722,-0.03754240082842597
2024-03-30T00:00:00Z,161778.87557941233,-0.049803247832269859
2024-03-31T00:00:00Z,161176.54410065079,-0.053340999054719451
2024-04-01T00:00:00Z,164987.30745802776,-0.030958750738980911
2024-04-02T00:00:00Z,161328.31655032237,-0.052449574335453941
2024-04-03T00:00:00Z,151933.30564290404,-0.10763050459496271
2024-04-04T00:00:00Z,153053.95731987094,-0.10104843644823136
2024-04-05T00:00:00Z,158720.19610899099,-0.067768184776647589
2024-04-06T00:00:00Z,157222.73936176591,-0.076563390780082008
2024-04-07T00:00:00Z,159636.41958844117,-0.062386811149742649
2024-04-08T00:00:00Z,160678.73854589407,-0.056264824675628211
2024-04-09T00:00:00Z,165750.41179348811,-0.026476711544910603
2024-04-10T00:00:00Z,160197.54222106293,-0.059091097162515149
2024-04-11T00:00:00Z,163530.79021807876,-0.039513501449907174
2024-04-12T00:00:00Z,162128.32031010388,-0.047750808989583837
2024-04-13T00:00:00Z,155642.39357924994,-0.085845439653709721
2024-04-14T00:00:00Z,148477.95736102972,-0.12792524767119129
2024-04-15T00:00:00Z,152377.3780943609,-0.10502227654547092
2024-04-16T00:00:00Z,147345.56699858833,-0.13457626215453578
2024-04-17T00:00:00Z,148183.65976267224,-0.12965378374321246
2024-04-18T00:00:00Z,142536.47669815601,-0.16282211296779014
2024-04-19T00:00:00Z,147457.99352926045,-0.13391593290005466
2024-04-20T00:00:00Z,148238.91911953283,-0.12932922182975026
2024-04-21T00:00:00Z,150758.53929924706,-0.11453041139862252
2024-04-22T00:00:00Z,150759.79621394415,-0.11452302899929101
2024-04-23T00:00:00Z,154975.33099358916,-0.089763384441725935
2024-04-24T00:00:00Z,154065.5940917721,-0.09510665961493836
2024-04-25T00:00:00Z,149297.37596389995,-0.12311245062136311
2024-04-26T00:00:00Z,149765.91336213914,-0.12036052944202813
2024-04-27T00:00:00Z,148131.18357406947,-0.12996199891529792
2024-04-28T00:00:00Z,147439.81315596349,-0.13402271403324095
2024-04-29T00:00:00Z,146669.14488741546,-0.13854917945185863
2024-04-30T00:00:00Z,148346.63222009092,-0.12869657657276201
2024-05-01T00:00:00Z,141177.72946571503,-0.17080261847358191
2024-05-02T00:00:00Z,135999.62247716531,-0.20121586263339675
2024-05-03T00:00:00Z,137560.97986979337,-0.19204534072109669
2024-05-04T00:00:00Z,146138.07598299687,-0.1416683749979305
2024-05-05T00:00:00Z,148405.07875350479,-0.12835329500385251
2024-05-06T00:00:00Z,148674.32783754202,-0.1267718796042212
2024-05-07T00:00:00Z,146773.67081142022,-0.13793525385031802
2024-05-08T00:00:00Z,144858.87349495635,-0.14918168008889299
2024-05-09T00:00:00Z,142347.17636681473,-0.16393395503852115
2024-05-10T00:00:00Z,146569.01816485042,-0.13913726665573956
2024-05-11T00:00:00Z,141465.00180871206,-0.16911534474068102
2024-05-12T00:00:00Z,141523.35856250473,-0.16877259048600934
2024-05-13T00:00:00Z,143000.23333156525,-0.16009827127162635
2024-05-14T00:00:00Z,146268.41354810228,-0.14090284655297713
2024-05-15T00:00:00Z,143210.09319616581,-0.1588656742404031
2024-05-16T00:00:00Z,153599.86230669604,-0.097842102224337202
2024-05-17T00:00:00Z,151419.81109933919,-0.11064647837895447
2024-05-18T00:00:00Z,155434.73331536926,-0.087065117486103016
2024-05-19T00:00:00Z,155190.53274565225,-0.088499412213344453
2024-05-20T00:00:00Z,153751.3878624092,-0.096952127619226447
2024-05-21T00:00:00Z,165361.26202531223,-0.028762355109332893
2024-05-22T00:00:00Z,162447.2848593914,-0.045877393330684302
2024-05-23T00:00:00Z,160243.82361580158,-0.058819266672848647
2024-05-24T00:00:00Z,157557.23578552439,-0.074598749758015948
2024-05-25T00:00:00Z,158859.80341998732,-0.06694821113662508
2024-05-26T00:00:00Z,160522.02821705549,-0.057185251677980942
2024-05-27T00:00:00Z,158764.8165807371,-0.067506109600383057
2024-05-28T00:00:00Z,160849.4096058323,-0.055262400309273096
2024-05-29T00:00:00Z,158519.53865556547,-0.068946732098479901
2024-05-30T00:00:00Z,156845.21605453797,-0.078780747150688724
2024-05-31T00:00:00Z,158415.79830324635,-0.069556043700438552
2024-06-01T00:00:00Z,156592.91287400591,-0.080262631987905841
2024-06-02T00:00:00Z,157102.05310594162,-0.077272232944454844
2024-06-03T00:00:00Z,157099.31482749444,-0.077288316028712445
2024-06-04T00:00:00Z,159443.1689537662,-0.063521855046943965
2024-06-05T00:00:00Z,163321.51392101613,-0.040742670938583747
2024-06-06T00:00:00Z,164601.23264187868,-0.033226333790752904
2024-06-07T00:00:00Z,163907.81973739,-0.037299045307609191
2024-06-08T00:00:00Z,160667.98743625305,-0.056327970555623441
2024-06-09T00:00:00Z,160566.67113370687,-0.05692304467315723
2024-06-10T00:00:00Z,161324.59069604176,-0.05247145787632912
2024-06-11T00:00:00Z,161081.87149007487,-0.053897051918644356
2024-06-12T00:00:00Z,156086.17424693785,-0.083238925375491157
2024-06-13T00:00:00Z,158217.87912826802,-0.070718507938013375
2024-06-14T00:00:00Z,154871.38863712229,-0.090373882500719982
2024-06-15T00:00:00Z,153235.11015058658,-0.099984448144594618
2024-06-16T00:00:00Z,153648.67997573412,-0.097555375107448494
2024-06-17T00:00:00Z,154655.60331752125,-0.091641282271648361
2024-06-18T00:00:00Z,154268.33892139103,-0.093915852237073216
2024-06-19T00:00:00Z,151285.38856146831,-0.11143599962173478
2024-06-20T00:00:00Z,150834.35818936693,-0.1140850945246682
2024-06-21T00:00:00Z,150600.07826779468,-0.1154611210286155
2024-06-22T00:00:00Z,148969.6130117329,-0.12503754307558257
2024-06-23T00:00:00Z,149235.47291506911,-0.12347603378843408
2024-06-24T00:00:00Z,146874.26887699665,-0.13734439824668787
2024-06-25T00:00:00Z,140327.74090181955,-0.17579496602143441
2024-06-26T00:00:00Z,143723.00417219274,-0.15585312799895801
2024-06-27T00:00:00Z,141610.89369319374,-0.16825845910400172
2024-06-28T00:00:00Z,143499.58758478804,-0.15716534948011263
2024-06-29T00:00:00Z,140629.71465779128,-0.17402134458206797
2024-06-30T00:00:00Z,141884.02574584872,-0.16665423736357887
2024-07-01T00:00:00Z,145891.18202464329,-0.14311848915231062
2024-07-02T00:00:00Z,146178.43192273504,-0.14143134724796902
2024-07-03T00:00:00Z,144462.47402236701,-0.15150990427803013
2024-07-04T00:00:00Z,140137.58766407668,-0.17691181757742602
2024-07-05T00:00:00Z,133048.20720919594,-0.21855079089197604
2024-07-06T00:00:00Z,132102.78290794417,-0.224103673474776
2024-07-07T00:00:00Z,135696.97537403443,-0.2029934389295478
2024-07-08T00:00:00Z,130372.32559874919,-0.23426739175426714
2024-07-09T00:00:00Z,132295.42753017589,-0.22297218894868098
2024-07-10T00:00:00Z,135292.67529477779,-0.205368066771625
2024-07-11T00:00:00Z,134565.12368932035,-0.20964128952746452
2024-07-12T00:00:00Z,133698.84012417356,-0.21472934460950588
2024-07-13T00:00:00Z,134931.5367684224,-0.20748918829380469
2024-07-14T00:00:00Z,137882.86225677052,-0.19015478734946356
2024-07-15T00:00:00Z,141460.33326840866,-0.16914276508105464
2024-07-16T00:00:00Z,150272.71932392314,-0.11738384056876405
2024-07-17T00:00:00Z,150990.61962009943,-0.11316730409350517
2024-07-18T00:00:00Z,148844.88667295375,-0.12577011438066343
2024-07-19T00:00:00Z,148620.28050556791,-0.12708932277547091
2024-07-20T00:00:00Z,154617.73876227194,-0.091863677051506443
2024-07-21T00:00:00Z,155695.00443728457,-0.085536433510267185
2024-07-22T00:00:00Z,157996.46013743544,-0.072018996677373548
2024-07-23T00:00:00Z,156574.95694976201,-0.080368094835497117
2024-07-24T00:00:00Z,152992.75006310456,-0.10140793292995809
2024-07-25T00:00:00Z,151735.81292112646,-0.10879046408990745
2024-07-26T00:00:00Z,152687.36468152649,-0.10320159231036674
2024-07-27T00:00:00Z,157418.8404994146,-0.075411604655825526
2024-07-28T00:00:00Z,157393.05130321928,-0.075563075670678659
2024-07-29T00:00:00Z,158186.20936688283,-0.070904518035452613
2024-07-30T00:00:00Z,154897.60428651838,-0.090219906743236766
2024-07-31T00:00:00Z,153558.33923188201,-0.098085985059392145
2024-08-01T00:00:00Z,150056.9340043221,-0.11865124033969232
2024-08-02T00:00:00Z,151686.47901926635,-0.10908022326366451
2024-08-03T00:00:00Z,143032.41932577247,-0.15990922911731875
2024-08-04T00:00:00Z,141236.06377460237,-0.17045999604746986
2024-08-05T00:00:00Z,135541.81374366186,-0.20390476976129601
2024-08-06T00:00:00Z,126244.70751318337,-0.25851066384431332
2024-08-07T00:00:00Z,130740.87094385519,-0.2321027668074559
2024-08-08T00:00:00Z,128748.1000263622,-0.24380716546169601
2024-08-09T00:00:00Z,143453.62041872367,-0.15743533436994628
2024-08-10T00:00:00Z,141550.29244887058,-0.16861439621462238
2024-08-11T00:00:00Z,141742.24127903784,-0.16748699837387149
2024-08-12T00:00:00Z,136779.85227537324,-0.19663323824843659
2024-08-13T00:00:00Z,138202.97149622859,-0.18827464843402997
2024-08-14T00:00:00Z,140987.28444420319,-0.17192118380084698
2024-08-15T00:00:00Z,136714.31315188302,-0.19701817764214469
2024-08-16T00:00:00Z,134150.36428419163,-0.21207734947826373
2024-08-17T00:00:00Z,137143.48218621744,-0.19449748375615372
2024-08-18T00:00:00Z,138529.20819483491,-0.18635852032185574
2024-08-19T00:00:00Z,136139.63379645708,-0.20039351607930378
2024-08-20T00:00:00Z,138409.15039635915,-0.18706367128656298
2024-08-21T00:00:00Z,137455.91526806128,-0.19266243020806517
2024-08-22T00:00:00Z,142264.1302171867,-0.16442172070863093
2024-08-23T00:00:00Z,140513.00115020594,-0.17470685309141143
2024-08-24T00:00:00Z,148730.97877853151,-0.12643914432007075
2024-08-25T00:00:00Z,148999.80140936797,-0.12486023366306964
2024-08-26T00:00:00Z,149141.18186788337,-0.12402984556684771
2024-08-27T00:00:00Z,146030.3179926282,-0.14230128391203756
2024-08-28T00:00:00Z,138356.40486889271,-0.18737346840136226
2024-08-29T00:00:00Z,137503.27401825454,-0.19238427194754326
2024-08-30T00:00:00Z,138230.73584409073,-0.1881115765059419
2024-08-31T00:00:00Z,137703.23567961564,-0.19120981131105486
2024-09-01T00:00:00Z,137366.56210004256,-0.19318723970339147
2024-09-02T00:00:00Z,133613.48214929912,-0.21523068862124306
2024-09-03T00:00:00Z,137721.50583253379,-0.19110250286363084
2024-09-04T00:00:00Z,134030.6656042008,-0.21278039118601888
2024-09-05T00:00:00Z,135115.13609381625,-0.2064108306771838
2024-09-06T00:00:00Z,131095.47800276685,-0.23002000739608763
2024-09-07T00:00:00Z,126119.37516196097,-0.25924679452050048
2024-09-08T00:00:00Z,126563.53739303906,-0.25663803915677064
2024-09-09T00:00:00Z,128155.08318330218,-0.24729020783195765
2024-09-10T00:00:00Z,133030.22884004674,-0.21865638556812683
2024-09-11T00:00:00Z,134363.43377025079,-0.21082590096303355
2024-09-12T00:00:00Z,133694.59803707094,-0.2147542602072493
2024-09-13T00:00:00Z,135477.44175524748,-0.20428285406991076
2024-09-14T00:00:00Z,140787.18811341026,-0.17309643540869246
2024-09-15T00:00:00Z,139653.78773023016,-0.17975338217721382
2024-09-16T00:00:00Z,137721.21404876484,-0.19110421663490407
2024-09-17T00:00:00Z,135660.74929687235,-0.20320621022456331
2024-09-18T00:00:00Z,140374.17941089533,-0.17552221273185131
2024-09-19T00:00:00Z,143619.71271797971,-0.15645980302972695
2024-09-20T00:00:00Z,146286.16746819843,-0.14079857016242125
2024-09-21T00:00:00Z,146854.15824184351,-0.13746251663598996
2024-09-22T00:00:00Z,147186.14083620784,-0.13551264041258682
2024-09-23T00:00:00Z,147701.92476011379,-0.13248322011552716
2024-09-24T00:00:00Z,147166.00775614937,-0.13563089063044853
2024-09-25T00:00:00Z,149237.02161353515,-0.12346693761782934
2024-09-26T00:00:00Z,146744.08842622841,-0.13810900389172465
2024-09-27T00:00:00Z,151282.40338906276,-0.11145353282014681
2024-09-28T00:00:00Z,152620.02996561187,-0.10359707798883411
2024-09-29T00:00:00Z,152817.65735682126,-0.10243632752253262
2024-09-30T00:00:00Z,152243.09022592186,-0.10581100681689415
2024-10-01T00:00:00Z,147138.17607357132,-0.13579435804421502
2024-10-02T00:00:00Z,141477.99740888359,-0.16903901600473681
2024-10-03T00:00:00Z,141126.73464086236,-0.17110213296074117
2024-10-04T00:00:00Z,141358.88229643065,-0.16973863016994539
2024-10-05T00:00:00Z,144351.43907582382,-0.15216206016182265
2024-10-06T00:00:00Z,144288.59334097017,-0.15253118012839217
2024-10-07T00:00:00Z,145998.69312105363,-0.14248703035235777
2024-10-08T00:00:00Z,144661.17876903104,-0.15034282604087301
2024-10-09T00:00:00Z,144518.6311754398,-0.1511800692221883
2024-10-10T00:00:00Z,141096.9726964281,-0.17127693763062379
2024-10-11T00:00:00Z,140402.01109347335,-0.17535874531808504
2024-10-12T00:00:00Z,145370.43777666497,-0.14617704356101735
2024-10-13T00:00:00Z,146865.76225788612,-0.13739436127073412
2024-10-14T00:00:00Z,146111.16454153633,-0.14182643744075796
2024-10-15T00:00:00Z,153324.88977180608,-0.099457133906638129
2024-10-16T00:00:00Z,155547.27207056788,-0.086404129088824666
2024-10-17T00:00:00Z,156772.47211644487,-0.079208003511992975
2024-10-18T00:00:00Z,156327.54675858642,-0.081821241046745374
2024-10-19T00:00:00Z,158585.9980201732,-0.068556387733832658
2024-10-20T00:00:00Z,158473.77349364883,-0.069215530531278269
2024-10-21T00:00:00Z,159941.64785568212,-0.060594074569250256
2024-10-22T00:00:00Z,156228.16071789645,-0.082404977908163257
2024-10-23T00:00:00Z,156337.01850862507,-0.081765609394641059
2024-10-24T00:00:00Z,154637.15360536065,-0.09174964534754837
2024-10-25T00:00:00Z,158070.39365550969,-0.071584753402416434
2024-10-26T00:00:00Z,154703.77008430552,-0.091358378182984645
2024-10-27T00:00:00Z,155589.06448424555,-0.086158664311055899
2024-10-28T00:00:00Z,157674.06151763626,-0.073912582105875035
2024-10-29T00:00:00Z,162029.51783695185,-0.048331118308454823
2024-10-30T00:00:00Z,168256.20591153455,-0.011759107506428057
2024-10-31T00:00:00Z,167377.08386055336,-0.01692256852449725
2024-11-01T00:00:00Z,162769.75081390649,-0.043983412416504275
2024-11-02T00:00:00Z,160983.13635163874,-0.054476965751837025
2024-11-03T00:00:00Z,160710.94698500659,-0.056075650692761214
2024-11-04T00:00:00Z,159367.05827987741,-0.063968885692171407
2024-11-05T00:00:00Z,157288.70493845691,-0.076175946643743608
2024-11-06T00:00:00Z,160704.81952585833,-0.056111639889501852
2024-11-07T00:00:00Z,174620.61592506795,-0.0067662741345938526
2024-11-08T00:00:00Z,175262.3157677342,-0.011011089649187733
2024-11-09T00:00:00Z,176725.47669965343,-0.007561131019171996
2024-11-10T00:00:00Z,177101.83287180556,-0.0054476242356571447
2024-11-11T00:00:00Z,185389.72638015577,-0.010704809076709676
2024-11-12T00:00:00Z,203969.57410171762,-0.0081638295458179577
2024-11-13T00:00:00Z,202407.45358230916,-0.020463988195641103
2024-11-14T00:00:00Z,207846.28059088028,-0.029520421804469121
2024-11-15T00:00:00Z,201001.45982420142,-0.061480381595839906
2024-11-16T00:00:00Z,209320.61908564137,-0.022636414082774281
2024-11-17T00:00:00Z,208321.48412599502,-0.027301592942080455
2024-11-18T00:00:00Z,206680.91866254606,-0.034961750604964092
2024-11-19T00:00:00Z,208045.77090922999,-0.028588958034919121
2024-11-20T00:00:00Z,212190.69401678586,-0.016201204034670957
2024-11-21T00:00:00Z,216625.2910722064,-0.0051372699268918964
2024-11-22T00:00:00Z,225671.84482476659,-0.0046764314778726668
2024-11-23T00:00:00Z,226962.15754093305,-0.0061903961087023118
2024-11-24T00:00:00Z,224224.77688995094,-0.018176690255388817
2024-11-25T00:00:00Z,224735.71271431103,-0.015939432138340814
2024-11-26T00:00:00Z,213760.08668551306,-0.063998908988227243
2024-11-27T00:00:00Z,211414.93075473359,-0.074267750771734309
2024-11-28T00:00:00Z,220163.84261804589,-0.035958489317916231
2024-11-29T00:00:00Z,219672.00740810024,-0.038112110698994783
2024-11-30T00:00:00Z,223748.04710127547,-0.020264168835871121
2024-12-01T00:00:00Z,221386.82061829773,-0.030603379483014059
2024-12-02T00:00:00Z,223131.216213687,-0.022965114520843599
2024-12-03T00:00:00Z,220113.36402601522,-0.036179522242940076
2024-12-04T00:00:00Z,220133.72155512677,-0.036090381796965443
2024-12-05T00:00:00Z,226278.30616610424,-0.0091848074735861873
2024-12-06T00:00:00Z,222593.54850710882,-0.062345470483051724
2024-12-07T00:00:00Z,228867.37088283175,-0.035917579794236376
2024-12-08T00:00:00Z,229071.95619468566,-0.035055783279382191
2024-12-09T00:00:00Z,231939.51729643598,-0.022976450011387928
2024-12-10T00:00:00Z,223336.11575421519,-0.059217475321511781
2024-12-11T00:00:00Z,221802.07381134314,-0.065679483703381059
2024-12-12T00:00:00Z,231974.1048955108,-0.022830752981284785
2024-12-13T00:00:00Z,229458.68191308857,-0.033426737316580524
2024-12-14T00:00:00Z,232645.76868675908,-0.020001432004102981
2024-12-15T00:00:00Z,232636.22960200452,-0.020041614507538275
2024-12-16T00:00:00Z,239468.43633190202,-0.0043795789214438052
2024-12-17T00:00:00Z,243047.65804615393,-0.015383146976739037
2024-12-18T00:00:00Z,243216.17439518293,-0.019230026528258781
2024-12-19T00:00:00Z,229906.95156183746,-0.072899508657274015
2024-12-20T00:00:00Z,223752.22185366219,-0.097718475190333387
2024-12-21T00:00:00Z,224523.38391012696,-0.09460876181891742
2024-12-22T00:00:00Z,223370.95024724834,-0.099255954119265466
2024-12-23T00:00:00Z,218644.681647391,-0.11831464682681014
2024-12-24T00:00:00Z,217960.56093369852,-0.12107336571500982
2024-12-25T00:00:00Z,226449.47101395918,-0.086841809631517108
2024-12-26T00:00:00Z,228168.79565012295,-0.079908627732768189
2024-12-27T00:00:00Z,220003.33910021078,-0.11283585645740768
2024-12-28T00:00:00Z,216653.27986912159,-0.12634498064034771
2024-12-29T00:00:00Z,218899.94755542328,-0.11728528626527834
2024-12-30T00:00:00Z,215394.50224490848,-0.13142100529280498
2024-12-31T00:00:00Z,213270.87752948809,-0.13998452850825793
2025-01-01T00:00:00Z,215030.44588086347,-0.13288906370378262
