date,equity,drawdown
2023-01-01T00:00:00+00:00,100354.32946358265,0.0
2023-01-02T00:00:00+00:00,100676.37107638274,0.0
2023-01-03T00:00:00+00:00,100689.626887601,0.0
2023-01-04T00:00:00+00:00,101694.88793055044,0.0
2023-01-05T00:00:00+00:00,101588.669287412,-0.0010444836048294492
2023-01-06T00:00:00+00:00,102270.3967214935,0.0
2023-01-07T00:00:00+00:00,102229.76852087652,-0.00039726256980909813
2023-01-08T00:00:00+00:00,103287.13465727262,0.0
2023-01-09T00:00:00+00:00,103576.52450997234,0.0
2023-01-10T00:00:00+00:00,105082.29284922304,0.0
2023-01-11T00:00:00+00:00,107966.43601731528,0.0
2023-01-12T00:00:00+00:00,113150.31897061372,0.0
2023-01-13T00:00:00+00:00,119367.29443197354,0.0
2023-01-14T00:00:00+00:00,125248.68554699424,0.0
2023-01-15T00:00:00+00:00,124769.98434706936,-0.0038220057786176875
2023-01-16T00:00:00+00:00,126572.7172882874,0.0
2023-01-17T00:00:00+00:00,126280.97467255755,-0.00230494076433041
2023-01-18T00:00:00+00:00,123656.55358920044,-0.023039433470050108
2023-01-19T00:00:00+00:00,125918.19009021216,-0.005171155459864796
2023-01-20T00:00:00+00:00,135074.569958639,0.0
2023-01-21T00:00:00+00:00,135742.18081454,0.0
2023-01-22T00:00:00+00:00,135307.95257433003,-0.0031989189919031658
2023-01-23T00:00:00+00:00,136504.8203430706,0.0
2023-01-24T00:00:00+00:00,134877.62647768215,-0.01192041322276327
2023-01-25T00:00:00+00:00,137333.968465549,0.0
2023-01-26T00:00:00+00:00,137039.6435489325,-0.0021431326852709986
2023-01-27T00:00:00+00:00,137409.83072715302,0.0
2023-01-28T00:00:00+00:00,137113.9564300045,-0.0021532251046580964
2023-01-29T00:00:00+00:00,141243.91631475577,0.0
2023-01-30T00:00:00+00:00,135986.6386318117,-0.0372212681445937
2023-01-31T00:00:00+00:00,137702.31934091676,-0.025074332872126792
2023-02-01T00:00:00+00:00,141188.59769131683,-0.00039165314076727853
2023-02-02T00:00:00+00:00,139790.0235310951,-0.01029348960008114
2023-02-03T00:00:00+00:00,139462.70254759336,-0.012610906109350895
2023-02-04T00:00:00+00:00,138859.8213672516,-0.016879275297006946
2023-02-05T00:00:00+00:00,136599.27517105866,-0.032883831494354254
2023-02-06T00:00:00+00:00,135621.50128643622,-0.0398064226411724
2023-02-07T00:00:00+00:00,138364.1343659388,-0.020388714954628573
2023-02-08T00:00:00+00:00,136771.9450236808,-0.03166133740662769
2023-02-09T00:00:00+00:00,130077.18651382244,-0.07905989930248591
2023-02-10T00:00:00+00:00,129094.9940254606,-0.08601377394706211
2023-02-11T00:00:00+00:00,130457.07166648404,-0.07637033105364854
2023-02-12T00:00:00+00:00,130003.67701524853,-0.07958034294701144
2023-02-13T00:00:00+00:00,129948.76008305865,-0.0799691521334368
2023-02-14T00:00:00+00:00,132392.59225774114,-0.06266694019790453
2023-02-15T00:00:00+00:00,144582.2575165816,0.0
2023-02-16T00:00:00+00:00,139955.17601891386,-0.03200310727709499
2023-02-17T00:00:00+00:00,145993.45625891595,0.0
2023-02-18T00:00:00+00:00,146349.12516770695,0.0
2023-02-19T00:00:00+00:00,144282.19415355026,-0.014123289167517261
2023-02-20T00:00:00+00:00,147555.63352642438,0.0
2023-02-21T00:00:00+00:00,145317.4098867851,-0.015168676289397331
2023-02-22T00:00:00+00:00,143768.31627710248,-0.02566704610870496
2023-02-23T00:00:00+00:00,142379.55486025012,-0.03507882784595495
2023-02-24T00:00:00+00:00,138047.54427723278,-0.06443731778962469
2023-02-25T00:00:00+00:00,137885.60531940634,-0.06553479508653481
2023-02-26T00:00:00+00:00,140168.24453429636,-0.050065109786574746
2023-02-27T00:00:00+00:00,139808.0996373018,-0.05250584951563464
2023-02-28T00:00:00+00:00,137796.65939997652,-0.0661375909087214
2023-03-01T00:00:00+00:00,140593.5781825634,-0.047182579054931284
2023-03-02T00:00:00+00:00,139654.48142677688,-0.05354693623563045
2023-03-03T00:00:00+00:00,133279.18222883198,-0.0967530073667825
2023-03-04T00:00:00+00:00,133234.59450018877,-0.09705518307893668
2023-03-05T00:00:00+00:00,133714.73031171737,-0.09380125234072045
2023-03-06T00:00:00+00:00,133598.58415628126,-0.09458838701433714
2023-03-07T00:00:00+00:00,132381.80397848127,-0.10283463386184954
2023-03-08T00:00:00+00:00,129555.5043502505,-0.12198876278722637
2023-03-09T00:00:00+00:00,121847.50835692608,-0.17422665983738583
2023-03-10T00:00:00+00:00,120633.65478679763,-0.18245307275784584
2023-03-11T00:00:00+00:00,122384.1104811766,-0.17059005097721358
2023-03-12T00:00:00+00:00,131229.23701606318,-0.11064570101579652
2023-03-13T00:00:00+00:00,143373.91285501138,-0.028339959454439456
2023-03-14T00:00:00+00:00,146569.8258168212,-0.006680922212479623
2023-03-15T00:00:00+00:00,144361.95855871635,-0.021643870121272668
2023-03-16T00:00:00+00:00,148454.15946605804,0.0
2023-03-17T00:00:00+00:00,162205.48553222962,0.0
2023-03-18T00:00:00+00:00,159407.1895225032,-0.017251549789112475
2023-03-19T00:00:00+00:00,165520.81556393197,0.0
2023-03-20T00:00:00+00:00,164052.57666423425,-0.008870418470905972
2023-03-21T00:00:00+00:00,166281.7335585381,0.0
2023-03-22T00:00:00+00:00,161378.2310970681,-0.02948912280700844
2023-03-23T00:00:00+00:00,167371.6940705704,0.0
2023-03-24T00:00:00+00:00,162546.00494248548,-0.028832169948941444
2023-03-25T00:00:00+00:00,162594.6669680832,-0.028541427682945097
2023-03-26T00:00:00+00:00,165493.1562522125,-0.011223748608088058
2023-03-27T00:00:00+00:00,160654.84254201496,-0.04013134697509457
2023-03-28T00:00:00+00:00,161436.18940585785,-0.03546301360975601
2023-03-29T00:00:00+00:00,167676.92203537506,0.0
2023-03-30T00:00:00+00:00,165840.21749138128,-0.010953830268939924
2023-03-31T00:00:00+00:00,168346.94303877032,0.0
2023-04-01T00:00:00+00:00,168274.46646055105,-0.000430519122658346
2023-04-02T00:00:00+00:00,166662.76640048262,-0.01000420089540821
2023-04-03T00:00:00+00:00,164528.81033220078,-0.022680142791129954
2023-04-04T00:00:00+00:00,166626.04034342774,-0.010222357853841513
2023-04-05T00:00:00+00:00,166652.09289015105,-0.010067602761452799
2023-04-06T00:00:00+00:00,165870.5738729157,-0.014709914662865642
2023-04-07T00:00:00+00:00,165138.97933948936,-0.01905566944890802
2023-04-08T00:00:00+00:00,165322.8965470846,-0.017963180305503368
2023-04-09T00:00:00+00:00,167534.37902643075,-0.004826722705338571
2023-04-10T00:00:00+00:00,175072.2874680197,0.0
2023-04-11T00:00:00+00:00,178303.49187528066,0.0
2023-04-12T00:00:00+00:00,176511.08813760936,-0.010052544225690463
2023-04-13T00:00:00+00:00,179298.65325254004,0.0
2023-04-14T00:00:00+00:00,179832.84522929633,0.0
2023-04-15T00:00:00+00:00,178846.7505973724,-0.005483395598098961
2023-04-16T00:00:00+00:00,178901.61014509815,-0.005178337044107861
2023-04-17T00:00:00+00:00,173884.02736890138,-0.033079707173680584
2023-04-18T00:00:00+00:00,179334.0594669195,-0.0027736076896344164
2023-04-19T00:00:00+00:00,170250.61525242514,-0.053284092595283994
2023-04-20T00:00:00+00:00,167074.67208413893,-0.07094462153946379
2023-04-21T00:00:00+00:00,161446.3464560121,-0.102242161323981
2023-04-22T00:00:00+00:00,164625.5031542906,-0.0845637628410737
2023-04-23T00:00:00+00:00,163327.1796529359,-0.09178337558589378
2023-04-24T00:00:00+00:00,162869.99762706662,-0.09432563656878801
2023-04-25T00:00:00+00:00,167402.56691228217,-0.06912129039144599
2023-04-26T00:00:00+00:00,168059.6190267799,-0.06546760791948192
2023-04-27T00:00:00+00:00,174127.91134153155,-0.031723536823824894
2023-04-28T00:00:00+00:00,173203.6197774953,-0.036863262900325156
2023-04-29T00:00:00+00:00,172737.37100629057,-0.039455941510343484
2023-04-30T00:00:00+00:00,172753.2091183955,-0.03936787021232935
2023-05-01T00:00:00+00:00,166068.20596744237,-0.07654129724913894
2023-05-02T00:00:00+00:00,169520.4553306025,-0.05734430707329907
2023-05-03T00:00:00+00:00,171565.0637882055,-0.045974813057920394
2023-05-04T00:00:00+00:00,170486.23586221796,-0.05197387248787033
2023-05-05T00:00:00+00:00,174316.36192179448,-0.030675616017018736
2023-05-06T00:00:00+00:00,170543.84986422284,-0.051653497186398556
2023-05-07T00:00:00+00:00,168144.6054181835,-0.06499502243992039
2023-05-08T00:00:00+00:00,163775.86877811127,-0.0892883412410651
2023-05-09T00:00:00+00:00,163543.34692938247,-0.09058133000756285
2023-05-10T00:00:00+00:00,163373.94799121676,-0.09152330997762737
2023-05-11T00:00:00+00:00,159757.9807518416,-0.11163068933185283
2023-05-12T00:00:00+00:00,158761.72906976342,-0.1171705654362869
2023-05-13T00:00:00+00:00,158648.50952199887,-0.11780014757752577
2023-05-14T00:00:00+00:00,159465.3199846854,-0.11325809375167961
2023-05-15T00:00:00+00:00,160868.484902039,-0.1054554873058744
2023-05-16T00:00:00+00:00,160132.24222701663,-0.10954952626790948
2023-05-17T00:00:00+00:00,162265.62445065702,-0.09768638624518333
2023-05-18T00:00:00+00:00,158912.47805708094,-0.11633229261062306
2023-05-19T00:00:00+00:00,159250.93162662745,-0.11445024726392927
2023-05-20T00:00:00+00:00,160525.84226660966,-0.10736082687269521
2023-05-21T00:00:00+00:00,158490.70224559112,-0.11867766956860892
2023-05-22T00:00:00+00:00,159073.09717223197,-0.11543913477315337
2023-05-23T00:00:00+00:00,161198.27341749912,-0.10362162589396362
2023-05-24T00:00:00+00:00,156087.61304045387,-0.13204057444882245
2023-05-25T00:00:00+00:00,156918.4253123926,-0.12742066048994916
2023-05-26T00:00:00+00:00,158250.49087866643,-0.12001341758849038
2023-05-27T00:00:00+00:00,159101.7894043061,-0.1152795853202292
2023-05-28T00:00:00+00:00,166049.49863213004,-0.07664532349244546
2023-05-29T00:00:00+00:00,164163.84514021777,-0.0871309135386239
2023-05-30T00:00:00+00:00,163922.83039079502,-0.08847112894318732
2023-05-31T00:00:00+00:00,161145.13540369782,-0.10391711148077931
2023-06-01T00:00:00+00:00,158893.25426159127,-0.11643919074408227
2023-06-02T00:00:00+00:00,161330.14291611186,-0.10288833660832397
2023-06-03T00:00:00+00:00,160335.26846117323,-0.10842055433901787
2023-06-04T00:00:00+00:00,160599.17961179113,-0.10695301847102112
2023-06-05T00:00:00+00:00,152639.89704996144,-0.15121235581110037
2023-06-06T00:00:00+00:00,161258.35495146236,-0.10328752933954044
2023-06-07T00:00:00+00:00,156146.89119191904,-0.131710945279081
2023-06-08T00:00:00+00:00,157060.8535524086,-0.12662865700563342
2023-06-09T00:00:00+00:00,156941.4938669802,-0.12729238272979815
2023-06-10T00:00:00+00:00,153288.39887930106,-0.1476062190761076
2023-06-11T00:00:00+00:00,153772.37944992763,-0.14491493890418206
2023-06-12T00:00:00+00:00,153655.5446809217,-0.14556462427648964
2023-06-13T00:00:00+00:00,153822.3039337366,-0.1446373228560941
2023-06-14T00:00:00+00:00,149199.12457963094,-0.1703455262057707
2023-06-15T00:00:00+00:00,151895.56316549418,-0.15535138771885992
2023-06-16T00:00:00+00:00,156179.37079862694,-0.13153033529837088
2023-06-17T00:00:00+00:00,157166.32619751312,-0.1260421532166841
2023-06-18T00:00:00+00:00,156150.5064131604,-0.1316908420480125
2023-06-19T00:00:00+00:00,159044.864015871,-0.11559613143483094
2023-06-20T00:00:00+00:00,167443.88372646895,-0.06889153917923507
2023-06-21T00:00:00+00:00,177118.33053722637,-0.015094654642253014
2023-06-22T00:00:00+00:00,176493.01203140264,-0.018571875419282957
2023-06-23T00:00:00+00:00,181104.3128014296,0.0
2023-06-24T00:00:00+00:00,180180.02123739335,-0.005103641927344249
2023-06-25T00:00:00+00:00,179808.342063105,-0.007155935263372548
2023-06-26T00:00:00+00:00,178691.23869953057,-0.013324222182079182
2023-06-27T00:00:00+00:00,181126.92228030405,0.0
2023-06-28T00:00:00+00:00,177597.60558179277,-0.01948532362875055
2023-06-29T00:00:00+00:00,179720.25691063743,-0.007766186009000475
2023-06-30T00:00:00+00:00,179861.93915261948,-0.006983959710456178
2023-07-01T00:00:00+00:00,180515.54819926835,-0.0033753904352747943
2023-07-02T00:00:00+00:00,180694.1860361619,-0.002389132651812287
2023-07-03T00:00:00+00:00,183788.1841896444,0.0
2023-07-04T00:00:00+00:00,181551.9690062503,-0.012167350111510156
2023-07-05T00:00:00+00:00,180050.21757948998,-0.020338448995705583
2023-07-06T00:00:00+00:00,176553.32310322247,-0.039365213374960684
2023-07-07T00:00:00+00:00,179131.43492401196,-0.0253375878659714
2023-07-08T00:00:00+00:00,178786.72644787328,-0.02721316260794171
2023-07-09T00:00:00+00:00,178075.6181681479,-0.031082335606525846
2023-07-10T00:00:00+00:00,179515.1648357715,-0.02324969569025037
2023-07-11T00:00:00+00:00,180723.27995948508,-0.016676285495028198
2023-07-12T00:00:00+00:00,179334.00208245538,-0.024235410599589557
2023-07-13T00:00:00+00:00,185498.41337465536,0.0
2023-07-14T00:00:00+00:00,178943.84511071126,-0.0353349020333974
2023-07-15T00:00:00+00:00,178814.7874508418,-0.03603063660881278
2023-07-16T00:00:00+00:00,178484.6546285968,-0.03781034359519142
2023-07-17T00:00:00+00:00,177945.29805006715,-0.04071795109822851
2023-07-18T00:00:00+00:00,176345.01749836426,-0.04934487422166667
2023-07-19T00:00:00+00:00,176632.3988948188,-0.047795635113760615
2023-07-20T00:00:00+00:00,176005.70316185552,-0.051174077665166795
2023-07-21T00:00:00+00:00,176589.41793117177,-0.04802734040366097
2023-07-22T00:00:00+00:00,175971.27248336654,-0.051359689379372964
2023-07-23T00:00:00+00:00,177633.98733206277,-0.042396190347507856
2023-07-24T00:00:00+00:00,172427.78182221064,-0.07046222829974114
2023-07-25T00:00:00+00:00,172728.53379881175,-0.06884090997615155
2023-07-26T00:00:00+00:00,173434.64963015626,-0.06503432307064339
2023-07-27T00:00:00+00:00,172693.35712228884,-0.0690305432774988
2023-07-28T00:00:00+00:00,173217.62158674747,-0.06620429557585539
2023-07-29T00:00:00+00:00,173440.0437697862,-0.06500524390208451
2023-07-30T00:00:00+00:00,173027.96593273742,-0.06722670676827347
2023-07-31T00:00:00+00:00,172747.70020983726,-0.06873758612191028
2023-08-01T00:00:00+00:00,175466.2318143976,-0.05408230387391799
2023-08-02T00:00:00+00:00,172482.35444761565,-0.07016803373272462
2023-08-03T00:00:00+00:00,172526.1387937608,-0.06993199750282586
2023-08-04T00:00:00+00:00,172069.0715368198,-0.07239599300891064
2023-08-05T00:00:00+00:00,171828.8601698951,-0.07369094406835464
2023-08-06T00:00:00+00:00,171922.33946199264,-0.07318700826428537
2023-08-07T00:00:00+00:00,172626.10253030708,-0.06939310482591454
2023-08-08T00:00:00+00:00,175835.9599169049,-0.05208914341620263
2023-08-09T00:00:00+00:00,174754.664458959,-0.057918279300842035
2023-08-10T00:00:00+00:00,174030.24298355117,-0.06182354976773663
2023-08-11T00:00:00+00:00,173859.6963561025,-0.06274294645877032
2023-08-12T00:00:00+00:00,173883.45352425988,-0.06261487437596824
2023-08-13T00:00:00+00:00,173158.51558867475,-0.0665229290185757
2023-08-14T00:00:00+00:00,173887.81474353516,-0.06259136355883543
2023-08-15T00:00:00+00:00,172562.6353129591,-0.06973524908576756
2023-08-16T00:00:00+00:00,169868.49210566175,-0.0842590563695308
2023-08-17T00:00:00+00:00,157777.01166497904,-0.14944279687010997
2023-08-18T00:00:00+00:00,154509.4828919122,-0.16705765790111704
2023-08-19T00:00:00+00:00,154773.5088114584,-0.16563432540601397
2023-08-20T00:00:00+00:00,155289.8542198646,-0.16285076839863777
2023-08-21T00:00:00+00:00,154927.9304044814,-0.16480185686780013
2023-08-22T00:00:00+00:00,154520.95978474183,-0.1669957873297151
2023-08-23T00:00:00+00:00,156682.74731813563,-0.1553418465004338
2023-08-24T00:00:00+00:00,155232.8140625012,-0.16315826513850584
2023-08-25T00:00:00+00:00,154543.9709548653,-0.16687173683405399
2023-08-26T00:00:00+00:00,154299.28359973707,-0.16819081741634467
2023-08-27T00:00:00+00:00,154783.6084771485,-0.1655798793031802
2023-08-28T00:00:00+00:00,154888.2203552908,-0.16501592904485096
2023-08-29T00:00:00+00:00,164048.73190513632,-0.11563269506891483
2023-08-30T00:00:00+00:00,161659.52974032296,-0.12851260127052655
2023-08-31T00:00:00+00:00,153859.77598882542,-0.17056015094818444
2023-09-01T00:00:00+00:00,153080.89665694092,-0.17475899727638122
2023-09-02T00:00:00+00:00,153450.79691284068,-0.17276490876009476
2023-09-03T00:00:00+00:00,154034.39691322864,-0.16961879020430282
2023-09-04T00:00:00+00:00,153201.23187825986,-0.17411028433523124
2023-09-05T00:00:00+00:00,153006.5837758689,-0.1751596092262092
2023-09-06T00:00:00+00:00,152822.0927236322,-0.1761541786614964
2023-09-07T00:00:00+00:00,155662.91062129248,-0.1608396654752159
2023-09-08T00:00:00+00:00,153686.01583138446,-0.17149687139921066
2023-09-09T00:00:00+00:00,153635.00104275666,-0.17177188608909255
2023-09-10T00:00:00+00:00,153290.694257867,-0.17362800323115268
2023-09-11T00:00:00+00:00,149393.7726820219,-0.19463584639784548
2023-09-12T00:00:00+00:00,153282.0292037806,-0.1736747155125612
2023-09-13T00:00:00+00:00,155473.5418896032,-0.16186052990334887
2023-09-14T00:00:00+00:00,157199.26487993423,-0.15255736143448673
2023-09-15T00:00:00+00:00,157642.67463440794,-0.15016699190837035
2023-09-16T00:00:00+00:00,157411.24309049794,-0.15141461198069184
2023-09-17T00:00:00+00:00,157226.69465379708,-0.15240949076883614
2023-09-18T00:00:00+00:00,158575.2295612815,-0.1451396986291008
2023-09-19T00:00:00+00:00,161144.61894352047,-0.1312884244564776
2023-09-20T00:00:00+00:00,160655.3590021923,-0.13392596691534486
2023-09-21T00:00:00+00:00,157459.50342484665,-0.15115444622794627
2023-09-22T00:00:00+00:00,157528.70908860947,-0.15078136668239228
2023-09-23T00:00:00+00:00,157504.72238259547,-0.15091067617662257
2023-09-24T00:00:00+00:00,155624.92210602635,-0.16104445706655635
2023-09-25T00:00:00+00:00,155948.74263721507,-0.15929877889444877
2023-09-26T00:00:00+00:00,155471.64820228628,-0.16187073854763023
2023-09-27T00:00:00+00:00,156339.98991377797,-0.15718961111535468
2023-09-28T00:00:00+00:00,160060.79856915204,-0.13713117186682555
2023-09-29T00:00:00+00:00,159404.14814590334,-0.1406710966095911
2023-09-30T00:00:00+00:00,159723.20576656776,-0.13895109472461542
2023-10-01T00:00:00+00:00,165633.8629583041,-0.10708744109972723
2023-10-02T00:00:00+00:00,162775.77233693516,-0.12249506949596789
2023-10-03T00:00:00+00:00,162385.27105840616,-0.12460021568792101
2023-10-04T00:00:00+00:00,164405.83542553103,-0.11370759223974158
2023-10-05T00:00:00+00:00,162293.05422451987,-0.12509734572913622
2023-10-06T00:00:00+00:00,165281.0632727205,-0.10898934246462488
2023-10-07T00:00:00+00:00,165427.85273201176,-0.10819801785639338
2023-10-08T00:00:00+00:00,165200.4954850563,-0.10942367387586693
2023-10-09T00:00:00+00:00,163324.4251986568,-0.1195373468300952
2023-10-10T00:00:00+00:00,162176.73591569133,-0.1257244039702955
2023-10-11T00:00:00+00:00,159223.73139062116,-0.14164370199203058
2023-10-12T00:00:00+00:00,158558.70283560682,-0.14522879225191965
2023-10-13T00:00:00+00:00,159146.1475950927,-0.1420619470547081
2023-10-14T00:00:00+00:00,159091.51758522354,-0.14235645097458172
2023-10-15T00:00:00+00:00,160822.63471518454,-0.13302420333716058
2023-10-16T00:00:00+00:00,168550.19881078348,-0.09136581955362166
2023-10-17T00:00:00+00:00,167948.40793526056,-0.09461000296508548
2023-10-18T00:00:00+00:00,167512.802467911,-0.09695830050264853
2023-10-19T00:00:00+00:00,169772.08620589267,-0.08477876916930749
2023-10-20T00:00:00+00:00,175254.1962193697,-0.05522536268056999
2023-10-21T00:00:00+00:00,176635.78457820354,-0.047777383295196985
2023-10-22T00:00:00+00:00,177110.1245588532,-0.045220272579152176
2023-10-23T00:00:00+00:00,194770.3655538768,0.0
2023-10-24T00:00:00+00:00,199663.76834965675,0.0
2023-10-25T00:00:00+00:00,202953.7344482056,0.0
2023-10-26T00:00:00+00:00,200977.4708874032,-0.009737507743700746
2023-10-27T00:00:00+00:00,199487.54066025736,-0.01707873864638254
2023-10-28T00:00:00+00:00,200571.99226373143,-0.011735394724071924
2023-10-29T00:00:00+00:00,203124.969689224,0.0
2023-10-30T00:00:00+00:00,202831.39077064145,-0.0014453118148484156
2023-10-31T00:00:00+00:00,203778.4639669445,0.0
2023-11-01T00:00:00+00:00,208263.9779915585,0.0
2023-11-02T00:00:00+00:00,205510.4418638677,-0.013221374883189863
2023-11-03T00:00:00+00:00,204220.3817253504,-0.01941572568239336
2023-11-04T00:00:00+00:00,206201.80988792612,-0.009901703230291492
2023-11-05T00:00:00+00:00,205913.79726236596,-0.011284624215176509
2023-11-06T00:00:00+00:00,206110.1095142172,-0.010342011605235846
2023-11-07T00:00:00+00:00,208135.9532520437,-0.0006147233945564823
2023-11-08T00:00:00+00:00,209430.5467632288,0.0
2023-11-09T00:00:00+00:00,215607.2383307565,0.0
2023-11-10T00:00:00+00:00,219053.4049407169,0.0
2023-11-11T00:00:00+00:00,218068.5153825401,-0.004496116179720344
2023-11-12T00:00:00+00:00,217690.52391719545,-0.006221683812174916
2023-11-13T00:00:00+00:00,214240.5699326012,-0.02197105774008945
2023-11-14T00:00:00+00:00,209008.59879834653,-0.045855512472352644
2023-11-15T00:00:00+00:00,222247.25206181736,0.0
2023-11-16T00:00:00+00:00,212522.3643070736,-0.04375706635076326
2023-11-17T00:00:00+00:00,215107.017956776,-0.03212743482225522
2023-11-18T00:00:00+00:00,214844.08234204855,-0.03331051183350353
2023-11-19T00:00:00+00:00,219387.55467545232,-0.012867188952102815
2023-11-20T00:00:00+00:00,219897.8173306588,-0.010571265603342761
2023-11-21T00:00:00+00:00,210101.54330251453,-0.05464953400604722
2023-11-22T00:00:00+00:00,219665.75455764311,-0.011615430473157051
2023-11-23T00:00:00+00:00,219011.22735956797,-0.014560471151964127
2023-11-24T00:00:00+00:00,221417.3005568409,-0.0037343611553208866
2023-11-25T00:00:00+00:00,221802.3503112758,-0.002001832402489301
2023-11-26T00:00:00+00:00,219890.07042799875,-0.010606122739204693
2023-11-27T00:00:00+00:00,218715.23829349116,-0.015892271942889002
2023-11-28T00:00:00+00:00,222021.55896432223,-0.0010155045581051736
2023-11-29T00:00:00+00:00,222226.8231925806,-9.191955827225762e-05
2023-11-30T00:00:00+00:00,221476.92301509096,-0.0034660903096886964
2023-12-01T00:00:00+00:00,226977.5682104879,0.0
2023-12-02T00:00:00+00:00,231383.7195211848,0.0
2023-12-03T00:00:00+00:00,234378.67208954733,0.0
2023-12-04T00:00:00+00:00,245963.6772496574,0.0
2023-12-05T00:00:00+00:00,257912.38514353923,0.0
2023-12-06T00:00:00+00:00,256129.85153370144,-0.0069113920560492925
2023-12-07T00:00:00+00:00,253320.59509132267,-0.01780368185754644
2023-12-08T00:00:00+00:00,258472.85920487545,0.0
2023-12-09T00:00:00+00:00,255848.15119919757,-0.010154675480250064
2023-12-10T00:00:00+00:00,256283.7566665471,-0.008469371001127768
2023-12-11T00:00:00+00:00,241730.42532943923,-0.06477443677042138
2023-12-12T00:00:00+00:00,243101.8566381189,-0.05946853613196157
2023-12-13T00:00:00+00:00,251001.6315106268,-0.028905269656674837
2023-12-14T00:00:00+00:00,251880.9336547708,-0.02550335679491833
2023-12-15T00:00:00+00:00,245672.16417178416,-0.04952432944978946
2023-12-16T00:00:00+00:00,247610.20967946385,-0.04202626751152028
2023-12-17T00:00:00+00:00,242426.21195723707,-0.06208252308192708
2023-12-18T00:00:00+00:00,249789.49947442283,-0.0335948608189065
2023-12-19T00:00:00+00:00,247598.5032487776,-0.04207155826553699
2023-12-20T00:00:00+00:00,255591.8147978472,-0.011146409785116385
2023-12-21T00:00:00+00:00,256698.58895787495,-0.006864435409035141
2023-12-22T00:00:00+00:00,257313.97995140104,-0.0044835626341558354
2023-12-23T00:00:00+00:00,255782.50337221197,-0.010408658924343839
2023-12-24T00:00:00+00:00,251704.4190430507,-0.0261862703211706
2023-12-25T00:00:00+00:00,255059.2869705512,-0.01320669506587735
2023-12-26T00:00:00+00:00,248935.21695664743,-0.03689997579462734
2023-12-27T00:00:00+00:00,254214.12858257545,-0.016476509895084868
2023-12-28T00:00:00+00:00,249249.85597357247,-0.035682675773677563
2023-12-29T00:00:00+00:00,246398.93841022204,-0.04671252847125107
2023-12-30T00:00:00+00:00,246819.73868582136,-0.045084503475149695
2023-12-31T00:00:00+00:00,247642.0580570661,-0.041903050018974874
2024-01-01T00:00:00+00:00,258521.9803061864,0.0
2024-01-02T00:00:00+00:00,262925.4345470683,0.0
2024-01-03T00:00:00+00:00,250865.05648595392,-0.04586995579902853
2024-01-04T00:00:00+00:00,258358.7215056845,-0.017368852310734928
2024-01-05T00:00:00+00:00,258324.3482116597,-0.017499586311741755
2024-01-06T00:00:00+00:00,257309.8482699824,-0.021358094498387548
2024-01-07T00:00:00+00:00,257084.32732587965,-0.022215831767097405
2024-01-08T00:00:00+00:00,274426.02716041624,0.0
2024-01-09T00:00:00+00:00,269599.76418768987,-0.017586753788135345
2024-01-10T00:00:00+00:00,272721.4216528918,-0.006211530025641565
2024-01-11T00:00:00+00:00,270914.7865681117,-0.012794852691767722
2024-01-12T00:00:00+00:00,250506.4035850272,-0.08716237239919955
2024-01-13T00:00:00+00:00,250880.8945980588,-0.08579773866927753
2024-01-14T00:00:00+00:00,244478.8542398208,-0.10912657676995696
2024-01-15T00:00:00+00:00,248947.66938536763,-0.0928423518668482
2024-01-16T00:00:00+00:00,252544.8145205021,-0.0797344656639416
2024-01-17T00:00:00+00:00,250468.35768529688,-0.08730101048729921
2024-01-18T00:00:00+00:00,242155.644208778,-0.11759228264735455
2024-01-19T00:00:00+00:00,244058.1113486857,-0.1106597509207059
2024-01-20T00:00:00+00:00,244270.49125049845,-0.10988584509256594
2024-01-21T00:00:00+00:00,243606.4956158388,-0.11230542475682104
2024-01-22T00:00:00+00:00,232058.96251081748,-0.15438428012089767
2024-01-23T00:00:00+00:00,233950.2396802163,-0.14749252430251358
2024-01-24T00:00:00+00:00,235024.9359247852,-0.14357636425133624
2024-01-25T00:00:00+00:00,234314.5736430937,-0.14616490255086234
2024-01-26T00:00:00+00:00,245001.9710149965,-0.10722035533539187
2024-01-27T00:00:00+00:00,246706.97821377,-0.1010073615591972
2024-01-28T00:00:00+00:00,246192.9855683939,-0.10288033494548487
2024-01-29T00:00:00+00:00,253490.22356734495,-0.07628942418363704
2024-01-30T00:00:00+00:00,251415.2013437434,-0.08385074132644799
2024-01-31T00:00:00+00:00,249343.04834334925,-0.09140160310816547
2024-02-01T00:00:00+00:00,252229.1425832225,-0.0808847644914471
2024-02-02T00:00:00+00:00,252900.8851205422,-0.07843695535223949
2024-02-03T00:00:00+00:00,251816.83520831715,-0.08238719988058152
2024-02-04T00:00:00+00:00,249359.57506902397,-0.09134138022826688
2024-02-05T00:00:00+00:00,250081.58639693752,-0.08871039316270146
2024-02-06T00:00:00+00:00,252321.01511032387,-0.08054998382923362
2024-02-07T00:00:00+00:00,259497.80311902773,-0.054397989126090396
2024-02-08T00:00:00+00:00,264886.49122487137,-0.03476177545640935
2024-02-09T00:00:00+00:00,275468.8750273828,0.0
2024-02-10T00:00:00+00:00,279017.0712145989,0.0
2024-02-11T00:00:00+00:00,282166.9044516976,0.0
2024-02-12T00:00:00+00:00,291447.5790694696,0.0
2024-02-13T00:00:00+00:00,290198.43405389,-0.004286002373283915
2024-02-14T00:00:00+00:00,302223.8075918739,0.0
2024-02-15T00:00:00+00:00,302710.60000124376,0.0
2024-02-16T00:00:00+00:00,304111.41215556726,0.0
2024-02-17T00:00:00+00:00,301348.5223602203,-0.009085123691226715
2024-02-18T00:00:00+00:00,304189.2254889523,0.0
2024-02-19T00:00:00+00:00,302106.5137471549,-0.006846763682867629
2024-02-20T00:00:00+00:00,304884.4382721087,0.0
2024-02-21T00:00:00+00:00,302534.9461564859,-0.007706172636879116
2024-02-22T00:00:00+00:00,299315.8498711602,-0.018264587174431468
2024-02-23T00:00:00+00:00,296192.5856409621,-0.028508679158590233
2024-02-24T00:00:00+00:00,300921.4671780289,-0.012998272776857278
2024-02-25T00:00:00+00:00,301843.23382564256,-0.009974941534247272
2024-02-26T00:00:00+00:00,317610.30396395054,0.0
2024-02-27T00:00:00+00:00,332305.7192342895,0.0
2024-02-28T00:00:00+00:00,363263.2604151436,0.0
2024-02-29T00:00:00+00:00,355796.8530158834,-0.020553709149467747
2024-03-01T00:00:00+00:00,363009.62108360825,-0.0006982245637654483
2024-03-02T00:00:00+00:00,360710.68468090007,-0.00702679299670006
2024-03-03T00:00:00+00:00,367176.1348720219,0.0
2024-03-04T00:00:00+00:00,396624.34987684817,0.0
2024-03-05T00:00:00+00:00,370676.8167229233,-0.06542092829646384
2024-03-06T00:00:00+00:00,384162.3379511599,-0.03142018872406016
2024-03-07T00:00:00+00:00,388461.1803138996,-0.020581614733142906
2024-03-08T00:00:00+00:00,395927.0138685183,-0.0017581775010696576
2024-03-09T00:00:00+00:00,397012.0393166339,0.0
2024-03-10T00:00:00+00:00,400699.6223672661,0.0
2024-03-11T00:00:00+00:00,418616.3145325684,0.0
2024-03-12T00:00:00+00:00,415023.5306167091,-0.008582522446290763
2024-03-13T00:00:00+00:00,424322.10918729537,0.0
2024-03-14T00:00:00+00:00,414661.606801326,-0.022766907914537282
2024-03-15T00:00:00+00:00,403821.16506353975,-0.04831457913664006
2024-03-16T00:00:00+00:00,379724.1661094683,-0.10510398141460398
2024-03-17T00:00:00+00:00,397472.3201035672,-0.06327690332976899
2024-03-18T00:00:00+00:00,392976.3047220141,-0.07387266368306356
2024-03-19T00:00:00+00:00,360424.4509737285,-0.1505876239537698
2024-03-20T00:00:00+00:00,394299.13138956006,-0.07075515780980246
2024-03-21T00:00:00+00:00,380875.52799813927,-0.10239056662017776
2024-03-22T00:00:00+00:00,371093.6000860321,-0.12544363809656744
2024-03-23T00:00:00+00:00,372203.2434692673,-0.12282854131228604
2024-03-24T00:00:00+00:00,390680.9261560831,-0.07928218281070776
2024-03-25T00:00:00+00:00,406002.6928526005,-0.04317337215772732
2024-03-26T00:00:00+00:00,406622.3876809377,-0.041712937231241476
2024-03-27T00:00:00+00:00,403649.815053593,-0.048718399739518636
2024-03-28T00:00:00+00:00,411170.6803093299,-0.03099397507981483
2024-03-29T00:00:00+00:00,405833.58083675546,-0.04357191847945663
2024-03-30T00:00:00+00:00,404293.6113568724,-0.047201164862192946
2024-03-31T00:00:00+00:00,414036.5178333588,-0.024240055210973055
2024-04-01T00:00:00+00:00,404681.6451034431,-0.04628668565366445
2024-04-02T00:00:00+00:00,380661.5987157945,-0.10289473380287417
2024-04-03T00:00:00+00:00,383526.7476262537,-0.09614243678977052
2024-04-04T00:00:00+00:00,398013.5129849495,-0.062001473957448816
2024-04-05T00:00:00+00:00,394184.9936903691,-0.07102414614842456
2024-04-06T00:00:00+00:00,400356.0041959462,-0.05648092444970987
2024-04-07T00:00:00+00:00,403020.8813265279,-0.050200607980493195
2024-04-08T00:00:00+00:00,415987.5322299359,-0.0196420991904539
2024-04-09T00:00:00+00:00,401790.61579965305,-0.05309997499493235
2024-04-10T00:00:00+00:00,410312.6678013849,-0.033016053329728234
2024-04-11T00:00:00+00:00,406726.99955908,-0.04146639839699917
2024-04-12T00:00:00+00:00,390144.5535696892,-0.08054625219285994
2024-04-13T00:00:00+00:00,371827.3752290961,-0.12371435006943776
2024-04-14T00:00:00+00:00,381796.9503389681,-0.1002190504043633
2024-04-15T00:00:00+00:00,368932.2142438874,-0.1305373765451352
2024-04-16T00:00:00+00:00,371074.9501351839,-0.12548759043947955
2024-04-17T00:00:00+00:00,356636.90418655,-0.159513736228317
2024-04-18T00:00:00+00:00,369219.6530248061,-0.129859969512376
2024-04-19T00:00:00+00:00,371216.230685917,-0.1251546345371729
2024-04-20T00:00:00+00:00,377658.0958622739,-0.1099730895813964
2024-04-21T00:00:00+00:00,377661.3093922662,-0.10996551625461759
2024-04-22T00:00:00+00:00,388439.08729520254,-0.08456552490469949
2024-04-23T00:00:00+00:00,386113.1801943447,-0.09004699063674115
2024-04-24T00:00:00+00:00,373922.3672462213,-0.11877708196163705
2024-04-25T00:00:00+00:00,375120.2679353165,-0.11595398916689781
2024-04-26T00:00:00+00:00,370940.7852580053,-0.12580377683249022
2024-04-27T00:00:00+00:00,369173.171608846,-0.12996951227471087
2024-04-28T00:00:00+00:00,367202.8186478509,-0.13461304349388048
2024-04-29T00:00:00+00:00,371491.6187293645,-0.12450562747983407
2024-04-30T00:00:00+00:00,353163.020880406,-0.16770063771407162
2024-05-01T00:00:00+00:00,339924.2528480068,-0.19890044499669346
2024-05-02T00:00:00+00:00,343916.14571201726,-0.18949275028180768
2024-05-03T00:00:00+00:00,365845.0448416386,-0.1378129092958601
2024-05-04T00:00:00+00:00,371641.0478740067,-0.12415346778462422
2024-05-05T00:00:00+00:00,372329.43190592935,-0.1225311529982438
2024-05-06T00:00:00+00:00,367470.0580973894,-0.1339832402294444
2024-05-07T00:00:00+00:00,362574.532076436,-0.14552052738690568
2024-05-08T00:00:00+00:00,356152.92361592344,-0.1606543333363808
2024-05-09T00:00:00+00:00,366946.8265532854,-0.13521634011459105
2024-05-10T00:00:00+00:00,353897.4846370397,-0.1659697268312038
2024-05-11T00:00:00+00:00,354046.6842438252,-0.165618108087907
2024-05-12T00:00:00+00:00,357822.5819847816,-0.15671944912293256
2024-05-13T00:00:00+00:00,366178.2764249476,-0.13702758235650436
2024-05-14T00:00:00+00:00,358359.126724568,-0.1554549740268456
2024-05-15T00:00:00+00:00,384922.452563268,-0.09285317868420662
2024-05-16T00:00:00+00:00,379348.75694501033,-0.10598870826793017
2024-05-17T00:00:00+00:00,389613.63250738935,-0.08179747396708414
2024-05-18T00:00:00+00:00,388989.2895374561,-0.08326886316980331
2024-05-19T00:00:00+00:00,385309.85508073296,-0.09194018709343854
2024-05-20T00:00:00+00:00,414992.6003905332,-0.02198685525633104
2024-05-21T00:00:00+00:00,407542.4901790911,-0.03954453148892545
2024-05-22T00:00:00+00:00,401908.9425647268,-0.05282111428390224
2024-05-23T00:00:00+00:00,395040.19435957086,-0.06900869455944258
2024-05-24T00:00:00+00:00,398370.4443519518,-0.06116029373310006
2024-05-25T00:00:00+00:00,402620.2229978447,-0.05114483954422344
2024-05-26T00:00:00+00:00,398127.59329967626,-0.061732620856804976
2024-05-27T00:00:00+00:00,403457.23279191134,-0.04917225839432815
2024-05-28T00:00:00+00:00,397500.495875464,-0.0632105014824772
2024-05-29T00:00:00+00:00,393219.7870033952,-0.07329884894159877
2024-05-30T00:00:00+00:00,397235.26488217065,-0.06383557141767648
2024-05-31T00:00:00+00:00,392574.7282419044,-0.07481905905444508
2024-06-01T00:00:00+00:00,393876.4374266439,-0.07175132075715807
2024-06-02T00:00:00+00:00,393869.4365220178,-0.0717678197904974
2024-06-03T00:00:00+00:00,399861.9239596296,-0.05764532344193518
2024-06-04T00:00:00+00:00,409777.6150576663,-0.0342770122383822
2024-06-05T00:00:00+00:00,413049.44766554434,-0.026566283673838176
2024-06-06T00:00:00+00:00,411276.6120301476,-0.030744325772074088
2024-06-07T00:00:00+00:00,402993.3941682009,-0.050265386972046744
2024-06-08T00:00:00+00:00,402734.3606970356,-0.05087585120560134
2024-06-09T00:00:00+00:00,404672.1192823945,-0.04630913515804436
2024-06-10T00:00:00+00:00,404051.563687095,-0.047771598654202996
2024-06-11T00:00:00+00:00,391279.1591948289,-0.07787232688806545
2024-06-12T00:00:00+00:00,396729.2486773112,-0.06502809990936564
2024-06-13T00:00:00+00:00,388173.3398417318,-0.08519181198170256
2024-06-14T00:00:00+00:00,383989.8976363944,-0.09505093106779017
2024-06-15T00:00:00+00:00,385047.2637727905,-0.09255903608164096
2024-06-16T00:00:00+00:00,387621.6456034103,-0.08649198990403184
2024-06-17T00:00:00+00:00,386631.53405899607,-0.08882538597974099
2024-06-18T00:00:00+00:00,379005.0813892263,-0.10679864851931664
2024-06-19T00:00:00+00:00,377851.9405821668,-0.10951625569106682
2024-06-20T00:00:00+00:00,377252.9615453871,-0.11092786970742541
2024-06-21T00:00:00+00:00,373084.381916264,-0.12075196215716177
2024-06-22T00:00:00+00:00,373764.1008941003,-0.11915006830548813
2024-06-23T00:00:00+00:00,367727.255265702,-0.13337710361119182
2024-06-24T00:00:00+00:00,350989.8712231108,-0.17282209994816877
2024-06-25T00:00:00+00:00,359670.4764992843,-0.1523645157492226
2024-06-26T00:00:00+00:00,354270.4836540035,-0.16509067997296167
2024-06-27T00:00:00+00:00,359099.2715431524,-0.1537106745841369
2024-06-28T00:00:00+00:00,351761.9218037617,-0.1710026081895858
2024-06-29T00:00:00+00:00,354968.79519822384,-0.16344496901635408
2024-06-30T00:00:00+00:00,365213.8157360076,-0.1393005270559622
2024-07-01T00:00:00+00:00,365948.22210817714,-0.13756975141107264
2024-07-02T00:00:00+00:00,361561.0650551133,-0.14790896531973874
2024-07-03T00:00:00+00:00,350503.7100428467,-0.1739678360994037
2024-07-04T00:00:00+00:00,332378.4253503654,-0.21668369817691047
2024-07-05T00:00:00+00:00,329961.2769515118,-0.22238019229427608
2024-07-06T00:00:00+00:00,339150.4807334314,-0.20072399389462237
2024-07-07T00:00:00+00:00,325537.0495346082,-0.23280676993685367
2024-07-08T00:00:00+00:00,330453.80780729646,-0.2212194447274618
2024-07-09T00:00:00+00:00,338116.8143807286,-0.20316003559577867
2024-07-10T00:00:00+00:00,336256.6969753623,-0.2075437746588431
2024-07-11T00:00:00+00:00,334041.8861970955,-0.21276341966510692
2024-07-12T00:00:00+00:00,337193.49835258286,-0.2053360146648734
2024-07-13T00:00:00+00:00,344739.09631236765,-0.1875533024365691
2024-07-14T00:00:00+00:00,353885.5486684969,-0.16599785633066755
2024-07-15T00:00:00+00:00,376416.0091357845,-0.11290031561934266
2024-07-16T00:00:00+00:00,378251.4512215671,-0.10857472888690023
2024-07-17T00:00:00+00:00,372765.49644899205,-0.12150347960196972
2024-07-18T00:00:00+00:00,372191.2501162603,-0.12285680604972804
2024-07-19T00:00:00+00:00,387524.8380123922,-0.08672013637324016
2024-07-20T00:00:00+00:00,390279.0627536528,-0.08022925437197992
2024-07-21T00:00:00+00:00,396163.1509384884,-0.06636222256422086
2024-07-22T00:00:00+00:00,392528.8206705858,-0.07492724943699802
2024-07-23T00:00:00+00:00,383370.2601925213,-0.09651123075629775
2024-07-24T00:00:00+00:00,380156.6728157539,-0.1040846927729775
2024-07-25T00:00:00+00:00,382589.4871733199,-0.09835127868756588
2024-07-26T00:00:00+00:00,394686.3617536327,-0.06984257193296861
2024-07-27T00:00:00+00:00,394620.4270043263,-0.06999796036991035
2024-07-28T00:00:00+00:00,396648.279198398,-0.06521892069659319
2024-07-29T00:00:00+00:00,388240.36489585706,-0.08503385402317531
2024-07-30T00:00:00+00:00,384816.2913045937,-0.09310336894386018
2024-07-31T00:00:00+00:00,375864.314897463,-0.11420049354167194
2024-08-01T00:00:00+00:00,380030.541763556,-0.10438194584904148
2024-08-02T00:00:00+00:00,357904.87130637025,-0.15652551786220648
2024-08-03T00:00:00+00:00,353312.1631027273,-0.16734915420875307
2024-08-04T00:00:00+00:00,338753.7819327744,-0.20165889403785742
2024-08-05T00:00:00+00:00,314984.04657774064,-0.25767703412619736
2024-08-06T00:00:00+00:00,326479.30243592284,-0.23058616233495577
2024-08-07T00:00:00+00:00,321384.4227865184,-0.24259326622865263
2024-08-08T00:00:00+00:00,358981.74816057674,-0.15398764196347225
2024-08-09T00:00:00+00:00,354115.5456008031,-0.16545582251407775
2024-08-10T00:00:00+00:00,354606.2975381992,-0.16429926732458744
2024-08-11T00:00:00+00:00,341919.05159072904,-0.19419930239881444
2024-08-12T00:00:00+00:00,345557.5135400504,-0.18562453839160742
2024-08-13T00:00:00+00:00,352676.11370210786,-0.16884813195902326
2024-08-14T00:00:00+00:00,341751.4889554161,-0.1945941972951325
2024-08-15T00:00:00+00:00,335196.2894623663,-0.21004283725783657
2024-08-16T00:00:00+00:00,342848.7372943952,-0.19200831191414036
2024-08-17T00:00:00+00:00,346391.5967264455,-0.18365885437859997
2024-08-18T00:00:00+00:00,340282.21713536367,-0.19805683048873746
2024-08-19T00:00:00+00:00,346084.6472277164,-0.18438224232394407
2024-08-20T00:00:00+00:00,343647.52903533925,-0.1901257992577201
2024-08-21T00:00:00+00:00,355940.6010985748,-0.16115471385568791
2024-08-22T00:00:00+00:00,351463.52259019064,-0.17170584567617952
2024-08-23T00:00:00+00:00,372474.2702934396,-0.12218981234128945
2024-08-24T00:00:00+00:00,373161.5640205435,-0.12057006707649465
2024-08-25T00:00:00+00:00,373523.0287602135,-0.11971820305186875
2024-08-26T00:00:00+00:00,365569.5420292627,-0.13846218682915568
2024-08-27T00:00:00+00:00,345949.793736968,-0.1847000515726931
2024-08-28T00:00:00+00:00,343768.6102546921,-0.18984044712373693
2024-08-29T00:00:00+00:00,345628.49812220177,-0.1854572490125852
2024-08-30T00:00:00+00:00,344279.848445789,-0.1886356119760325
2024-08-31T00:00:00+00:00,343419.0814835649,-0.19066418164889898
2024-09-01T00:00:00+00:00,333823.65307993966,-0.21327772969616765
2024-09-02T00:00:00+00:00,344326.5593996057,-0.18852552826178492
2024-09-03T00:00:00+00:00,334890.25811506365,-0.2107640613955295
2024-09-04T00:00:00+00:00,337662.9032693158,-0.20422976800327008
2024-09-05T00:00:00+00:00,327385.9195850014,-0.22844953751751462
2024-09-06T00:00:00+00:00,314663.61172993673,-0.25843220299641634
2024-09-07T00:00:00+00:00,315799.1928909669,-0.25575597864599264
2024-09-08T00:00:00+00:00,319868.2678592568,-0.24616638885043984
2024-09-09T00:00:00+00:00,332332.4603945826,-0.21679202379744167
2024-09-10T00:00:00+00:00,335741.0401805259,-0.20875902313086836
2024-09-11T00:00:00+00:00,334031.0405333715,-0.21278897964298504
2024-09-12T00:00:00+00:00,338589.2032895972,-0.20204675655930948
2024-09-13T00:00:00+00:00,352164.531204226,-0.1700537785345968
2024-09-14T00:00:00+00:00,349266.7879181306,-0.17688289071931307
2024-09-15T00:00:00+00:00,344325.8134015718,-0.1885272863555013
2024-09-16T00:00:00+00:00,339057.86220829614,-0.20094226799142267
2024-09-17T00:00:00+00:00,351108.5996794336,-0.1725422925712914
2024-09-18T00:00:00+00:00,359406.39319527394,-0.15298688092485824
2024-09-19T00:00:00+00:00,366223.6675360889,-0.1369206091157552
2024-09-20T00:00:00+00:00,367675.8387858251,-0.1334982768396512
2024-09-21T00:00:00+00:00,368524.6123950422,-0.13149797190422663
2024-09-22T00:00:00+00:00,369843.3073811696,-0.12839020316539507
2024-09-23T00:00:00+00:00,368473.1385307012,-0.13161928037066406
2024-09-24T00:00:00+00:00,373768.06042212655,-0.11914073688499294
2024-09-25T00:00:00+00:00,367394.425373642,-0.13416148388470028
2024-09-26T00:00:00+00:00,378997.4492554946,-0.10681663517041606
2024-09-27T00:00:00+00:00,382417.3337808751,-0.09875699262213922
2024-09-28T00:00:00+00:00,382922.6039877007,-0.09756622222416644
2024-09-29T00:00:00+00:00,381453.61908996897,-0.10102817922788065
2024-09-30T00:00:00+00:00,368401.9817951573,-0.13178697546362117
2024-10-01T00:00:00+00:00,353930.71024178155,-0.16589142404183121
2024-10-02T00:00:00+00:00,353032.64337786107,-0.168007898400522
2024-10-03T00:00:00+00:00,353626.17089054664,-0.16660913199209149
2024-10-04T00:00:00+00:00,361277.1841109719,-0.1485779875978498
2024-10-05T00:00:00+00:00,361116.5076113567,-0.14895665393678514
2024-10-06T00:00:00+00:00,365488.6873192778,-0.13865273714042692
2024-10-07T00:00:00+00:00,362069.089716218,-0.1467117034988128
2024-10-08T00:00:00+00:00,361704.64098441234,-0.14757059989830446
2024-10-09T00:00:00+00:00,352956.5515784004,-0.1681872239596034
2024-10-10T00:00:00+00:00,351179.7564149775,-0.1723745974783344
2024-10-11T00:00:00+00:00,363882.4387833035,-0.14243818338797398
2024-10-12T00:00:00+00:00,367705.5065537898,-0.13342835880492643
2024-10-13T00:00:00+00:00,365776.2408691248,-0.1379750596317112
2024-10-14T00:00:00+00:00,384219.4354929875,-0.09450997915502579
2024-10-15T00:00:00+00:00,389901.3582106288,-0.08111939074443397
2024-10-16T00:00:00+00:00,393033.8039550906,-0.07373715522891633
2024-10-17T00:00:00+00:00,391896.2717222794,-0.07641797767059855
2024-10-18T00:00:00+00:00,397670.411273807,-0.06281006182905335
2024-10-19T00:00:00+00:00,397383.48895306565,-0.06348625172000888
2024-10-20T00:00:00+00:00,401136.3755238986,-0.05464182318428912
2024-10-21T00:00:00+00:00,391642.1733150309,-0.07701681143802852
2024-10-22T00:00:00+00:00,391920.48796615,-0.07636090724380173
2024-10-23T00:00:00+00:00,387574.4755738804,-0.08660315552210496
2024-10-24T00:00:00+00:00,396352.17536339286,-0.06591674866405939
2024-10-25T00:00:00+00:00,387744.7926634725,-0.08620176920283384
2024-10-26T00:00:00+00:00,390008.2080828729,-0.08086757762904206
2024-10-27T00:00:00+00:00,395338.8804954626,-0.06830478088295788
2024-10-28T00:00:00+00:00,406474.3931478993,-0.04206171597699637
2024-10-29T00:00:00+00:00,422394.0485763775,-0.004543860829242852
2024-10-30T00:00:00+00:00,420146.413884618,-0.009840861959031666
2024-10-31T00:00:00+00:00,408366.9327755093,-0.03760156745625398
2024-11-01T00:00:00+00:00,403799.1294293067,-0.04836651052026575
2024-11-02T00:00:00+00:00,403103.2280325807,-0.05000654148178896
2024-11-03T00:00:00+00:00,399667.3332417028,-0.058103915425981145
2024-11-04T00:00:00+00:00,394353.6466305009,-0.07062668173052089
2024-11-05T00:00:00+00:00,403087.5620738682,-0.05004346144983529
2024-11-06T00:00:00+00:00,438665.8150768696,0.0
2024-11-07T00:00:00+00:00,440306.4369068687,0.0
2024-11-08T00:00:00+00:00,444047.2727402305,0.0
2024-11-09T00:00:00+00:00,445009.4954350688,0.0
2024-11-10T00:00:00+00:00,466198.99574413954,0.0
2024-11-11T00:00:00+00:00,513701.7403971522,0.0
2024-11-12T00:00:00+00:00,509707.8964613606,-0.007774635789055018
2024-11-13T00:00:00+00:00,523613.24242930615,0.0
2024-11-14T00:00:00+00:00,506113.21885818447,-0.03342165963933652
2024-11-15T00:00:00+00:00,527382.6557258139,0.0
2024-11-16T00:00:00+00:00,524828.1863042534,-0.004843673552451078
2024-11-17T00:00:00+00:00,520633.7836662637,-0.012796916975326145
2024-11-18T00:00:00+00:00,524123.2755466561,-0.0061802945997002645
2024-11-19T00:00:00+00:00,534720.5219253819,0.0
2024-11-20T00:00:00+00:00,546058.3721984053,0.0
2024-11-21T00:00:00+00:00,569187.5247801519,0.0
2024-11-22T00:00:00+00:00,572486.4428551078,0.0
2024-11-23T00:00:00+00:00,565487.8336075844,-0.012224934467653048
2024-11-24T00:00:00+00:00,566794.1335494557,-0.009943133809882765
2024-11-25T00:00:00+00:00,538732.9584275574,-0.058959447597073056
2024-11-26T00:00:00+00:00,532737.142691025,-0.06943273619868595
2024-11-27T00:00:00+00:00,555105.3198937015,-0.030360759068325027
2024-11-28T00:00:00+00:00,553847.8541308203,-0.03255725783012975
2024-11-29T00:00:00+00:00,564268.9875890751,-0.014353973563200118
2024-11-30T00:00:00+00:00,558232.0845762126,-0.02489903203262922
2024-12-01T00:00:00+00:00,562691.9477453522,-0.01710869354548994
2024-12-02T00:00:00+00:00,554976.2622338319,-0.030586192633574094
2024-12-03T00:00:00+00:00,555028.3099428144,-0.030495277451857428
2024-12-04T00:00:00+00:00,570738.0530014383,-0.0030540283975110105
2024-12-05T00:00:00+00:00,561317.3029066804,-0.01950987676271365
2024-12-06T00:00:00+00:00,577357.4657098699,0.0
2024-12-07T00:00:00+00:00,577880.5251005815,0.0
2024-12-08T00:00:00+00:00,585211.9642401648,0.0
2024-12-09T00:00:00+00:00,563215.8105185619,-0.037586643926807994
2024-12-10T00:00:00+00:00,559293.7545474197,-0.04428858478038322
2024-12-11T00:00:00+00:00,585300.3936994174,0.0
2024-12-12T00:00:00+00:00,578869.2594178561,-0.010987749796156798
2024-12-13T00:00:00+00:00,587017.6237890545,0.0
2024-12-14T00:00:00+00:00,586993.2353917914,-4.154627778563125e-05
2024-12-15T00:00:00+00:00,604461.0088940618,0.0
2024-12-16T00:00:00+00:00,613611.9372383946,0.0
2024-12-17T00:00:00+00:00,614042.7797952199,0.0
2024-12-18T00:00:00+00:00,580015.3419358255,-0.05541541889107848
2024-12-19T00:00:00+00:00,564279.6610994067,-0.08104177808655122
2024-12-20T00:00:00+00:00,566251.2765186131,-0.07783090176965357
2024-12-21T00:00:00+00:00,563304.87120692,-0.08262927316761337
2024-12-22T00:00:00+00:00,551221.3098222897,-0.10230796947711163
2024-12-23T00:00:00+00:00,549472.2313550502,-0.10515643301221389
2024-12-24T00:00:00+00:00,571175.666925033,-0.06981128071318232
2024-12-25T00:00:00+00:00,575571.4316477191,-0.06265255355714916
2024-12-26T00:00:00+00:00,554694.9635905771,-0.09665094706338695
2024-12-27T00:00:00+00:00,546129.9306251982,-0.1105995403002219
2024-12-28T00:00:00+00:00,551873.943333048,-0.10124512250254758
2024-12-29T00:00:00+00:00,542911.6377223706,-0.11584069451410406
2024-12-30T00:00:00+00:00,537482.2066469816,-0.12468280007098331
2024-12-31T00:00:00+00:00,541551.2770245144,-0.11805611132644711
