pair,open_date,close_date,open_rate,close_rate,amount,stake_amount,fee_open,fee_close,profit_abs,profit_ratio,trade_duration,exit_reason,is_open
BTC/USDT,2023-01-09 00:00:00+00:00,2023-01-12 00:00:00+00:00,17127.83,18505.3,5.54652866,94999.99997861,0.0008,0.0008,7482.06469186,0.0786956192261435,4320,trailing_stop_loss,False
BTC/USDT,2023-01-19 00:00:00+00:00,2023-01-20 00:00:00+00:00,20677.47,22027.75,4.93812644,102107.96131931,0.0008,0.0008,6499.1463486,0.06359887224995442,1440,trailing_stop_loss,False
BTC/USDT,2023-01-24 00:00:00+00:00,2023-02-16 00:00:00+00:00,22917.81,24928.6,4.72480356,108282.1502754,0.0008,0.0008,9319.73583977,0.08600019474379174,33120,roi,False
BTC/USDT,2023-03-01 00:00:00+00:00,2023-03-14 00:00:00+00:00,23141.57,25171.99,5.06170927,117135.89939135,0.0008,0.0008,10081.75638038,0.08600008600937598,18720,roi,False
BTC/USDT,2023-04-03 00:00:00+00:00,2023-04-14 00:00:00+00:00,28171.87,30008.0,4.49787565,126713.56808797,0.0008,0.0008,8049.33576076,0.06347308785452929,15840,trailing_stop_loss,False
BTC/USDT,2023-04-26 00:00:00+00:00,2023-06-20 00:00:00+00:00,28300.8,28346.12,4.74758441,134360.43687053,0.0008,0.0008,0.01169805,8.699509552823809e-08,79200,roi,False
BTC/USDT,2023-06-24 00:00:00+00:00,2023-10-23 00:00:00+00:00,30688.51,30737.65,4.37820044,134360.44798494,0.0008,0.0008,-0.00406297,-3.021515842725628e-08,174240,roi,False
BTC/USDT,2023-11-01 00:00:00+00:00,2023-11-09 00:00:00+00:00,34639.78,36757.13,3.87879034,134360.44404373,0.0008,0.0008,7991.20981055,0.059428368295575844,11520,trailing_stop_loss,False
BTC/USDT,2023-11-20 00:00:00+00:00,2023-12-04 00:00:00+00:00,37359.85,40637.77,3.79958949,141952.09340798,0.0008,0.0008,12217.6632313,0.0860001189181688,20160,roi,False
BTC/USDT,2024-01-07 00:00:00+00:00,2024-01-09 00:00:00+00:00,43968.32,46436.9,3.49248899,153558.8735088,0.0008,0.0008,8368.89708254,0.054456034520255915,2880,trailing_stop_loss,False
BTC/USDT,2024-01-13 00:00:00+00:00,2024-02-09 00:00:00+00:00,42782.74,46536.45,3.77510477,161509.32584767,0.0008,0.0008,13900.89708602,0.08599989619741295,38880,roi,False
BTC/USDT,2024-02-15 00:00:00+00:00,2024-02-27 00:00:00+00:00,51795.17,55745.33,3.37319441,174715.177909,0.0008,0.0008,13034.45361985,0.07454437873233712,17280,trailing_stop_loss,False
BTC/USDT,2024-03-29 00:00:00+00:00,2024-05-20 00:00:00+00:00,70780.6,70893.94,2.64335014,187097.90891928,0.0008,0.0008,0.00097275,5.194993507285371e-09,74880,roi,False
BTC/USDT,2024-06-04 00:00:00+00:00,2024-07-27 00:00:00+00:00,68809.89,68920.07,2.7190555,187097.9098589,0.0008,0.0008,-0.01078921,-5.762002119481299e-08,76320,roi,False
BTC/USDT,2024-07-29 00:00:00+00:00,2024-10-16 00:00:00+00:00,68249.88,68359.17,2.74136598,187097.89917108,0.0008,0.0008,0.00756617,4.040730513796437e-08,113760,roi,False
BTC/USDT,2024-10-21 00:00:00+00:00,2024-11-06 00:00:00+00:00,69032.0,75088.8,2.71030691,187097.90661112,0.0008,0.0008,16103.2976124,0.08600002834679463,23040,roi,False
BTC/USDT,2024-11-30 00:00:00+00:00,2024-12-16 00:00:00+00:00,97460.0,106011.04,2.0767088,202396.039648,0.0008,0.0008,17419.9799377,0.08599997867496366,23040,roi,False
BTC/USDT,2024-12-25 00:00:00+00:00,2024-12-31 00:00:00+00:00,98663.58,92792.05,2.21910679,218945.02030371,0.0008,0.0008,-13369.4404815,-0.06101419187422722,8640,force_exit,False
