timestamp_utc,base,fee0,fee20,delay2,buyhold
2023-01-01T00:00:00Z,1,1,1,1,1
2023-02-01T00:00:00Z,1.343942909183669,1.3531826847328807,1.3302041447003383,1.3485273518957543,1.3767578418407995
2023-03-01T00:00:00Z,1.2889073929961343,1.3017195742068075,1.2699283505556098,1.2933040991835745,1.3777010537890078
2023-04-01T00:00:00Z,1.6881996927349066,1.712772495337296,1.65200518306002,1.6939584602577054,1.6831428018273378
2023-05-01T00:00:00Z,1.7270526506739905,1.757535058076019,1.6823235186632133,1.7329439529634445,1.7271966518535844
2023-06-01T00:00:00Z,1.5965494766964328,1.6321405843557926,1.5446193796575864,1.6019956080483724,1.6111391262117361
2023-07-01T00:00:00Z,1.7976174578076427,1.8404892064349372,1.6711547091166987,1.8037494699617664,1.7982697375786794
2023-08-01T00:00:00Z,1.7202890367949468,1.7639927343399642,1.5883399411266594,1.7261572671219352,1.7271415737836162
2023-09-01T00:00:00Z,1.5049316400667252,1.5454942274238663,1.4190498191526639,1.5100652457000767,1.5383000998682808
2023-10-01T00:00:00Z,1.5608502156856434,1.6207058084845405,1.4719924968094318,1.5661745701258936,1.5969226731310513
2023-11-01T00:00:00Z,1.9809498623891488,1.9930766642098927,1.8643362324403756,1.987707255949229,2.0373871622369975
2023-12-01T00:00:00Z,2.0892236861289937,2.1180602995001983,1.9569548895183959,2.0963504221207807,2.2143363628783335
2024-01-01T00:00:00Z,2.32795005115692,2.3636758423236084,2.1901213626113485,2.3358911278002736,2.4759353934919632
2024-02-01T00:00:00Z,2.3415031992070841,2.3774375926204825,2.0417580529384387,2.3494905081943722,2.4929418950544817
2024-03-01T00:00:00Z,3.1945057330635418,3.2971101328010843,2.736507919135343,3.205402794558176,3.5572670767434862
2024-04-01T00:00:00Z,3.744028138926184,3.8601116393262513,3.1926279756798515,3.756799724979464,4.1395472688798121
2024-05-01T00:00:00Z,3.2232169942992295,3.349547103819841,2.7360511657140694,3.2342119953204813,3.5309340219996601
2024-06-01T00:00:00Z,3.5012090178689337,3.5817936300787445,2.9585236110721511,3.5131523021079958,3.9249722879614528
2024-07-01T00:00:00Z,3.240303752242562,3.3173749112422084,2.7349717849423363,3.251357039417484,3.65141787378532
2024-08-01T00:00:00Z,3.3046154764968505,3.4116254911604309,2.7544930442225404,3.315888143091497,3.7579015686608974
2024-09-01T00:00:00Z,2.9160353665012506,3.0287663162311382,2.4086023222955437,2.9259825130599211,3.4335141120132477
2024-10-01T00:00:00Z,3.0391071028124004,3.1730612793536488,2.4682757829177078,3.0494740702732392,3.6832931593197089
2024-11-01T00:00:00Z,3.3108986009373167,3.4726591672124267,2.6895392974461574,3.322192700454337,4.0828627552040526
2024-12-01T00:00:00Z,4.4767626660090007,4.4684890284992207,3.4101880985323767,4.4920337477176568,5.5812146028415581
2025-01-01T00:00:00Z,4.0499442134713641,4.5440339768481195,3.1796272912103545,4.0637593369464149,5.4187348701648244
