date,cash,quantity,equity
2023-01-01,100000.0,0.0,100000.0
2023-01-02,100000.0,0.0,100000.0
2023-01-03,100000.0,0.0,100000.0
2023-01-04,100000.0,0.0,100000.0
2023-01-05,100000.0,0.0,100000.0
2023-01-06,100000.0,0.0,100000.0
2023-01-07,100000.0,0.0,100000.0
2023-01-08,100000.0,0.0,100000.0
2023-01-09,100000.0,0.0,100000.0
2023-01-10,100000.0,0.0,100000.0
2023-01-11,100000.0,0.0,100000.0
2023-01-12,100000.0,0.0,100000.0
2023-01-13,100000.0,0.0,100000.0
2023-01-14,100000.0,0.0,100000.0
2023-01-15,100000.0,0.0,100000.0
2023-01-16,100000.0,0.0,100000.0
2023-01-17,100000.0,0.0,100000.0
2023-01-18,100000.0,0.0,100000.0
2023-01-19,100000.0,0.0,100000.0
2023-01-20,100000.0,0.0,100000.0
2023-01-21,100000.0,0.0,100000.0
2023-01-22,100000.0,0.0,100000.0
2023-01-23,100000.0,0.0,100000.0
2023-01-24,100000.0,0.0,100000.0
2023-01-25,100000.0,0.0,100000.0
2023-01-26,100000.0,0.0,100000.0
2023-01-27,100000.0,0.0,100000.0
2023-01-28,100000.0,0.0,100000.0
2023-01-29,100000.0,0.0,100000.0
2023-01-30,100000.0,0.0,100000.0
2023-01-31,100000.0,0.0,100000.0
2023-02-01,100000.0,0.0,100000.0
2023-02-02,100000.0,0.0,100000.0
2023-02-03,100000.0,0.0,100000.0
2023-02-04,100000.0,0.0,100000.0
2023-02-05,100000.0,0.0,100000.0
2023-02-06,4924.0,4.141689990465237,99199.30124176477
2023-02-07,4924.0,4.141689990465237,101178.78055580772
2023-02-08,101090.65077198457,0.0,101090.65077198457
2023-02-09,101090.65077198457,0.0,101090.65077198457
2023-02-10,101090.65077198457,0.0,101090.65077198457
2023-02-11,101090.65077198457,0.0,101090.65077198457
2023-02-12,101090.65077198457,0.0,101090.65077198457
2023-02-13,101090.65077198457,0.0,101090.65077198457
2023-02-14,101090.65077198457,0.0,101090.65077198457
2023-02-15,101090.65077198457,0.0,101090.65077198457
2023-02-16,101090.65077198457,0.0,101090.65077198457
2023-02-17,101090.65077198457,0.0,101090.65077198457
2023-02-18,101090.65077198457,0.0,101090.65077198457
2023-02-19,101090.65077198457,0.0,101090.65077198457
2023-02-20,4977.703644012523,3.9557884557639595,103248.19161979196
2023-02-21,103156.61545337165,0.0,103156.61545337165
2023-02-22,103156.61545337165,0.0,103156.61545337165
2023-02-23,103156.61545337165,0.0,103156.61545337165
2023-02-24,103156.61545337165,0.0,103156.61545337165
2023-02-25,5079.431744924019,4.226148196903321,102944.64137098801
2023-02-26,5079.431744924019,4.226148196903321,104625.71860075221
2023-02-27,104526.18824130228,0.0,104526.18824130228
2023-02-28,104526.18824130228,0.0,104526.18824130228
2023-03-01,104526.18824130228,0.0,104526.18824130228
2023-03-02,104526.18824130228,0.0,104526.18824130228
2023-03-03,104526.18824130228,0.0,104526.18824130228
2023-03-04,104526.18824130228,0.0,104526.18824130228
2023-03-05,104526.18824130228,0.0,104526.18824130228
2023-03-06,104526.18824130228,0.0,104526.18824130228
2023-03-07,104526.18824130228,0.0,104526.18824130228
2023-03-08,104526.18824130228,0.0,104526.18824130228
2023-03-09,104526.18824130228,0.0,104526.18824130228
2023-03-10,104526.18824130228,0.0,104526.18824130228
2023-03-11,104526.18824130228,0.0,104526.18824130228
2023-03-12,104526.18824130228,0.0,104526.18824130228
2023-03-13,104526.18824130228,0.0,104526.18824130228
2023-03-14,104526.18824130228,0.0,104526.18824130228
2023-03-15,104526.18824130228,0.0,104526.18824130228
2023-03-16,104526.18824130228,0.0,104526.18824130228
2023-03-17,104526.18824130228,0.0,104526.18824130228
2023-03-18,104526.18824130228,0.0,104526.18824130228
2023-03-19,104526.18824130228,0.0,104526.18824130228
2023-03-20,104526.18824130228,0.0,104526.18824130228
2023-03-21,104526.18824130228,0.0,104526.18824130228
2023-03-22,104526.18824130228,0.0,104526.18824130228
2023-03-23,5146.869509001728,3.6431739062746105,108231.9688883434
2023-03-24,108128.93667789311,0.0,108128.93667789311
2023-03-25,108128.93667789311,0.0,108128.93667789311
2023-03-26,108128.93667789311,0.0,108128.93667789311
2023-03-27,108128.93667789311,0.0,108128.93667789311
2023-03-28,108128.93667789311,0.0,108128.93667789311
2023-03-29,108128.93667789311,0.0,108128.93667789311
2023-03-30,108128.93667789311,0.0,108128.93667789311
2023-03-31,108128.93667789311,0.0,108128.93667789311
2023-04-01,108128.93667789311,0.0,108128.93667789311
2023-04-02,108128.93667789311,0.0,108128.93667789311
2023-04-03,5324.268842019461,3.6455496015744653,106670.5477657896
2023-04-04,5324.268842019461,3.6455496015744653,108002.88677867701
2023-04-05,107900.22458931923,0.0,107900.22458931923
2023-04-06,107900.22458931923,0.0,107900.22458931923
2023-04-07,107900.22458931923,0.0,107900.22458931923
2023-04-08,107900.22458931923,0.0,107900.22458931923
2023-04-09,107900.22458931923,0.0,107900.22458931923
2023-04-10,107900.22458931923,0.0,107900.22458931923
2023-04-11,107900.22458931923,0.0,107900.22458931923
2023-04-12,107900.22458931923,0.0,107900.22458931923
2023-04-13,107900.22458931923,0.0,107900.22458931923
2023-04-14,107900.22458931923,0.0,107900.22458931923
2023-04-15,107900.22458931923,0.0,107900.22458931923
2023-04-16,107900.22458931923,0.0,107900.22458931923
2023-04-17,107900.22458931923,0.0,107900.22458931923
2023-04-18,5313.007058778079,3.4822893713367207,111104.99298288136
2023-04-19,110999.21792367501,0.0,110999.21792367501
2023-04-20,110999.21792367501,0.0,110999.21792367501
2023-04-21,110999.21792367501,0.0,110999.21792367501
2023-04-22,110999.21792367501,0.0,110999.21792367501
2023-04-23,110999.21792367501,0.0,110999.21792367501
2023-04-24,110999.21792367501,0.0,110999.21792367501
2023-04-25,110999.21792367501,0.0,110999.21792367501
2023-04-26,110999.21792367501,0.0,110999.21792367501
2023-04-27,110999.21792367501,0.0,110999.21792367501
2023-04-28,110999.21792367501,0.0,110999.21792367501
2023-04-29,110999.21792367501,0.0,110999.21792367501
2023-04-30,110999.21792367501,0.0,110999.21792367501
2023-05-01,110999.21792367501,0.0,110999.21792367501
2023-05-02,110999.21792367501,0.0,110999.21792367501
2023-05-03,110999.21792367501,0.0,110999.21792367501
2023-05-04,110999.21792367501,0.0,110999.21792367501
2023-05-05,110999.21792367501,0.0,110999.21792367501
2023-05-06,110999.21792367501,0.0,110999.21792367501
2023-05-07,110999.21792367501,0.0,110999.21792367501
2023-05-08,110999.21792367501,0.0,110999.21792367501
2023-05-09,110999.21792367501,0.0,110999.21792367501
2023-05-10,110999.21792367501,0.0,110999.21792367501
2023-05-11,110999.21792367501,0.0,110999.21792367501
2023-05-12,110999.21792367501,0.0,110999.21792367501
2023-05-13,110999.21792367501,0.0,110999.21792367501
2023-05-14,110999.21792367501,0.0,110999.21792367501
2023-05-15,110999.21792367501,0.0,110999.21792367501
2023-05-16,110999.21792367501,0.0,110999.21792367501
2023-05-17,110999.21792367501,0.0,110999.21792367501
2023-05-18,110999.21792367501,0.0,110999.21792367501
2023-05-19,110999.21792367501,0.0,110999.21792367501
2023-05-20,110999.21792367501,0.0,110999.21792367501
2023-05-21,110999.21792367501,0.0,110999.21792367501
2023-05-22,5465.601490561763,3.9415671653203597,111293.80253538274
2023-05-23,5465.601490561763,3.9415671653203597,112753.52251938748
2023-05-24,112646.25176442604,0.0,112646.25176442604
2023-05-25,112646.25176442604,0.0,112646.25176442604
2023-05-26,112646.25176442604,0.0,112646.25176442604
2023-05-27,112646.25176442604,0.0,112646.25176442604
2023-05-28,112646.25176442604,0.0,112646.25176442604
2023-05-29,112646.25176442604,0.0,112646.25176442604
2023-05-30,112646.25176442604,0.0,112646.25176442604
2023-05-31,112646.25176442604,0.0,112646.25176442604
2023-06-01,112646.25176442604,0.0,112646.25176442604
2023-06-02,5546.701436880336,3.9895898254664366,114233.46132023403
2023-06-03,114124.79195023225,0.0,114124.79195023225
2023-06-04,114124.79195023225,0.0,114124.79195023225
2023-06-05,114124.79195023225,0.0,114124.79195023225
2023-06-06,114124.79195023225,0.0,114124.79195023225
2023-06-07,114124.79195023225,0.0,114124.79195023225
2023-06-08,114124.79195023225,0.0,114124.79195023225
2023-06-09,114124.79195023225,0.0,114124.79195023225
2023-06-10,114124.79195023225,0.0,114124.79195023225
2023-06-11,114124.79195023225,0.0,114124.79195023225
2023-06-12,114124.79195023225,0.0,114124.79195023225
2023-06-13,114124.79195023225,0.0,114124.79195023225
2023-06-14,114124.79195023225,0.0,114124.79195023225
2023-06-15,114124.79195023225,0.0,114124.79195023225
2023-06-16,114124.79195023225,0.0,114124.79195023225
2023-06-17,114124.79195023225,0.0,114124.79195023225
2023-06-18,114124.79195023225,0.0,114124.79195023225
2023-06-19,114124.79195023225,0.0,114124.79195023225
2023-06-20,114124.79195023225,0.0,114124.79195023225
2023-06-21,114124.79195023225,0.0,114124.79195023225
2023-06-22,114124.79195023225,0.0,114124.79195023225
2023-06-23,114124.79195023225,0.0,114124.79195023225
2023-06-24,114124.79195023225,0.0,114124.79195023225
2023-06-25,114124.79195023225,0.0,114124.79195023225
2023-06-26,114124.79195023225,0.0,114124.79195023225
2023-06-27,5619.504755629445,3.5812379011003044,115536.43416087647
2023-06-28,115426.53481817993,0.0,115426.53481817993
2023-06-29,115426.53481817993,0.0,115426.53481817993
2023-06-30,115426.53481817993,0.0,115426.53481817993
2023-07-01,115426.53481817993,0.0,115426.53481817993
2023-07-02,115426.53481817993,0.0,115426.53481817993
2023-07-03,115426.53481817993,0.0,115426.53481817993
2023-07-04,115426.53481817993,0.0,115426.53481817993
2023-07-05,115426.53481817993,0.0,115426.53481817993
2023-07-06,115426.53481817993,0.0,115426.53481817993
2023-07-07,115426.53481817993,0.0,115426.53481817993
2023-07-08,115426.53481817993,0.0,115426.53481817993
2023-07-09,115426.53481817993,0.0,115426.53481817993
2023-07-10,115426.53481817993,0.0,115426.53481817993
2023-07-11,115426.53481817993,0.0,115426.53481817993
2023-07-12,115426.53481817993,0.0,115426.53481817993
2023-07-13,115426.53481817993,0.0,115426.53481817993
2023-07-14,115426.53481817993,0.0,115426.53481817993
2023-07-15,115426.53481817993,0.0,115426.53481817993
2023-07-16,115426.53481817993,0.0,115426.53481817993
2023-07-17,115426.53481817993,0.0,115426.53481817993
2023-07-18,115426.53481817993,0.0,115426.53481817993
2023-07-19,115426.53481817993,0.0,115426.53481817993
2023-07-20,115426.53481817993,0.0,115426.53481817993
2023-07-21,115426.53481817993,0.0,115426.53481817993
2023-07-22,115426.53481817993,0.0,115426.53481817993
2023-07-23,115426.53481817993,0.0,115426.53481817993
2023-07-24,115426.53481817993,0.0,115426.53481817993
2023-07-25,115426.53481817993,0.0,115426.53481817993
2023-07-26,115426.53481817993,0.0,115426.53481817993
2023-07-27,115426.53481817993,0.0,115426.53481817993
2023-07-28,115426.53481817993,0.0,115426.53481817993
2023-07-29,115426.53481817993,0.0,115426.53481817993
2023-07-30,115426.53481817993,0.0,115426.53481817993
2023-07-31,115426.53481817993,0.0,115426.53481817993
2023-08-01,115426.53481817993,0.0,115426.53481817993
2023-08-02,115426.53481817993,0.0,115426.53481817993
2023-08-03,115426.53481817993,0.0,115426.53481817993
2023-08-04,115426.53481817993,0.0,115426.53481817993
2023-08-05,115426.53481817993,0.0,115426.53481817993
2023-08-06,115426.53481817993,0.0,115426.53481817993
2023-08-07,115426.53481817993,0.0,115426.53481817993
2023-08-08,115426.53481817993,0.0,115426.53481817993
2023-08-09,115426.53481817993,0.0,115426.53481817993
2023-08-10,115426.53481817993,0.0,115426.53481817993
2023-08-11,115426.53481817993,0.0,115426.53481817993
2023-08-12,115426.53481817993,0.0,115426.53481817993
2023-08-13,115426.53481817993,0.0,115426.53481817993
2023-08-14,5683.602574447184,3.7412586203173555,115792.32314090386
2023-08-15,115682.19466255307,0.0,115682.19466255307
2023-08-16,115682.19466255307,0.0,115682.19466255307
2023-08-17,115682.19466255307,0.0,115682.19466255307
2023-08-18,115682.19466255307,0.0,115682.19466255307
2023-08-19,115682.19466255307,0.0,115682.19466255307
2023-08-20,115682.19466255307,0.0,115682.19466255307
2023-08-21,115682.19466255307,0.0,115682.19466255307
2023-08-22,115682.19466255307,0.0,115682.19466255307
2023-08-23,115682.19466255307,0.0,115682.19466255307
2023-08-24,115682.19466255307,0.0,115682.19466255307
2023-08-25,115682.19466255307,0.0,115682.19466255307
2023-08-26,115682.19466255307,0.0,115682.19466255307
2023-08-27,115682.19466255307,0.0,115682.19466255307
2023-08-28,115682.19466255307,0.0,115682.19466255307
2023-08-29,115682.19466255307,0.0,115682.19466255307
2023-08-30,115682.19466255307,0.0,115682.19466255307
2023-08-31,115682.19466255307,0.0,115682.19466255307
2023-09-01,115682.19466255307,0.0,115682.19466255307
2023-09-02,115682.19466255307,0.0,115682.19466255307
2023-09-03,115682.19466255307,0.0,115682.19466255307
2023-09-04,115682.19466255307,0.0,115682.19466255307
2023-09-05,115682.19466255307,0.0,115682.19466255307
2023-09-06,115682.19466255307,0.0,115682.19466255307
2023-09-07,115682.19466255307,0.0,115682.19466255307
2023-09-08,115682.19466255307,0.0,115682.19466255307
2023-09-09,115682.19466255307,0.0,115682.19466255307
2023-09-10,115682.19466255307,0.0,115682.19466255307
2023-09-11,115682.19466255307,0.0,115682.19466255307
2023-09-12,115682.19466255307,0.0,115682.19466255307
2023-09-13,115682.19466255307,0.0,115682.19466255307
2023-09-14,115682.19466255307,0.0,115682.19466255307
2023-09-15,115682.19466255307,0.0,115682.19466255307
2023-09-16,115682.19466255307,0.0,115682.19466255307
2023-09-17,115682.19466255307,0.0,115682.19466255307
2023-09-18,115682.19466255307,0.0,115682.19466255307
2023-09-19,115682.19466255307,0.0,115682.19466255307
2023-09-20,115682.19466255307,0.0,115682.19466255307
2023-09-21,115682.19466255307,0.0,115682.19466255307
2023-09-22,5696.191265184112,4.135643588376876,115622.17683434385
2023-09-23,5696.191265184112,4.135643588376876,115604.88984414443
2023-09-24,5696.191265184112,4.135643588376876,114250.13571746394
2023-09-25,5696.191265184112,4.135643588376876,114483.51008515606
2023-09-26,5696.191265184112,4.135643588376876,114139.67267721839
2023-09-27,5696.191265184112,4.135643588376876,114765.47826501158
2023-09-28,114656.46774418374,0.0,114656.46774418374
2023-09-29,114656.46774418374,0.0,114656.46774418374
2023-09-30,114656.46774418374,0.0,114656.46774418374
2023-10-01,114656.46774418374,0.0,114656.46774418374
2023-10-02,114656.46774418374,0.0,114656.46774418374
2023-10-03,114656.46774418374,0.0,114656.46774418374
2023-10-04,114656.46774418374,0.0,114656.46774418374
2023-10-05,114656.46774418374,0.0,114656.46774418374
2023-10-06,114656.46774418374,0.0,114656.46774418374
2023-10-07,114656.46774418374,0.0,114656.46774418374
2023-10-08,114656.46774418374,0.0,114656.46774418374
2023-10-09,114656.46774418374,0.0,114656.46774418374
2023-10-10,5645.684471723609,3.947132668657393,113758.12192216984
2023-10-11,5645.684471723609,3.947132668657393,111726.92745087875
2023-10-12,5645.684471723609,3.947132668657393,111269.49424590805
2023-10-13,5645.684471723609,3.947132668657393,111673.5622171985
2023-10-14,5645.684471723609,3.947132668657393,111635.98551419287
2023-10-15,5645.684471723609,3.947132668657393,112826.71702634676
2023-10-16,112719.51371089567,0.0,112719.51371089567
2023-10-17,112719.51371089567,0.0,112719.51371089567
2023-10-18,112719.51371089567,0.0,112719.51371089567
2023-10-19,112719.51371089567,0.0,112719.51371089567
2023-10-20,112719.51371089567,0.0,112719.51371089567
2023-10-21,112719.51371089567,0.0,112719.51371089567
2023-10-22,112719.51371089567,0.0,112719.51371089567
2023-10-23,112719.51371089567,0.0,112719.51371089567
2023-10-24,112719.51371089567,0.0,112719.51371089567
2023-10-25,112719.51371089567,0.0,112719.51371089567
2023-10-26,112719.51371089567,0.0,112719.51371089567
2023-10-27,112719.51371089567,0.0,112719.51371089567
2023-10-28,112719.51371089567,0.0,112719.51371089567
2023-10-29,112719.51371089567,0.0,112719.51371089567
2023-10-30,112719.51371089567,0.0,112719.51371089567
2023-10-31,112719.51371089567,0.0,112719.51371089567
2023-11-01,112719.51371089567,0.0,112719.51371089567
2023-11-02,112719.51371089567,0.0,112719.51371089567
2023-11-03,112719.51371089567,0.0,112719.51371089567
2023-11-04,112719.51371089567,0.0,112719.51371089567
2023-11-05,112719.51371089567,0.0,112719.51371089567
2023-11-06,112719.51371089567,0.0,112719.51371089567
2023-11-07,112719.51371089567,0.0,112719.51371089567
2023-11-08,112719.51371089567,0.0,112719.51371089567
2023-11-09,112719.51371089567,0.0,112719.51371089567
2023-11-10,112719.51371089567,0.0,112719.51371089567
2023-11-11,112719.51371089567,0.0,112719.51371089567
2023-11-12,112719.51371089567,0.0,112719.51371089567
2023-11-13,112719.51371089567,0.0,112719.51371089567
2023-11-14,5550.308855124516,2.9361909643638304,109935.39170550629
2023-11-15,5550.308855124516,2.9361909643638304,116709.21362220327
2023-11-16,116598.07250286096,0.0,116598.07250286096
2023-11-17,116598.07250286096,0.0,116598.07250286096
2023-11-18,116598.07250286096,0.0,116598.07250286096
2023-11-19,116598.07250286096,0.0,116598.07250286096
2023-11-20,116598.07250286096,0.0,116598.07250286096
2023-11-21,116598.07250286096,0.0,116598.07250286096
2023-11-22,116598.07250286096,0.0,116598.07250286096
2023-11-23,116598.07250286096,0.0,116598.07250286096
2023-11-24,116598.07250286096,0.0,116598.07250286096
2023-11-25,116598.07250286096,0.0,116598.07250286096
2023-11-26,116598.07250286096,0.0,116598.07250286096
2023-11-27,5741.289090040882,2.957373823718247,115881.87519463243
2023-11-28,5741.289090040882,2.957373823718247,117585.82527064419
2023-11-29,117474.02817375859,0.0,117474.02817375859
2023-11-30,117474.02817375859,0.0,117474.02817375859
2023-12-01,117474.02817375859,0.0,117474.02817375859
2023-12-02,117474.02817375859,0.0,117474.02817375859
2023-12-03,117474.02817375859,0.0,117474.02817375859
2023-12-04,117474.02817375859,0.0,117474.02817375859
2023-12-05,117474.02817375859,0.0,117474.02817375859
2023-12-06,117474.02817375859,0.0,117474.02817375859
2023-12-07,117474.02817375859,0.0,117474.02817375859
2023-12-08,5784.421147275876,2.578458262521635,119677.47527653638
2023-12-09,119563.62620409796,0.0,119563.62620409796
2023-12-10,119563.62620409796,0.0,119563.62620409796
2023-12-11,119563.62620409796,0.0,119563.62620409796
2023-12-12,119563.62620409796,0.0,119563.62620409796
2023-12-13,119563.62620409796,0.0,119563.62620409796
2023-12-14,119563.62620409796,0.0,119563.62620409796
2023-12-15,119563.62620409796,0.0,119563.62620409796
2023-12-16,119563.62620409796,0.0,119563.62620409796
2023-12-17,119563.62620409796,0.0,119563.62620409796
2023-12-18,5887.312954289795,2.7447424883315863,122971.98907304094
2023-12-19,122854.92313047039,0.0,122854.92313047039
2023-12-20,122854.92313047039,0.0,122854.92313047039
2023-12-21,122854.92313047039,0.0,122854.92313047039
2023-12-22,122854.92313047039,0.0,122854.92313047039
2023-12-23,122854.92313047039,0.0,122854.92313047039
2023-12-24,122854.92313047039,0.0,122854.92313047039
2023-12-25,6049.376414944374,2.7142304689556225,124325.03618011554
2023-12-26,124206.75232928921,0.0,124206.75232928921
2023-12-27,124206.75232928921,0.0,124206.75232928921
2023-12-28,124206.75232928921,0.0,124206.75232928921
2023-12-29,124206.75232928921,0.0,124206.75232928921
2023-12-30,124206.75232928921,0.0,124206.75232928921
2023-12-31,124206.75232928921,0.0,124206.75232928921
2024-01-01,124206.75232928921,0.0,124206.75232928921
2024-01-02,124206.75232928921,0.0,124206.75232928921
2024-01-03,124206.75232928921,0.0,124206.75232928921
2024-01-04,124206.75232928921,0.0,124206.75232928921
2024-01-05,124206.75232928921,0.0,124206.75232928921
2024-01-06,124206.75232928921,0.0,124206.75232928921
2024-01-07,124206.75232928921,0.0,124206.75232928921
2024-01-08,124206.75232928921,0.0,124206.75232928921
2024-01-09,124206.75232928921,0.0,124206.75232928921
2024-01-10,124206.75232928921,0.0,124206.75232928921
2024-01-11,124206.75232928921,0.0,124206.75232928921
2024-01-12,124206.75232928921,0.0,124206.75232928921
2024-01-13,124206.75232928921,0.0,124206.75232928921
2024-01-14,124206.75232928921,0.0,124206.75232928921
2024-01-15,6115.94048469422,2.82689137201224,126290.20228944375
2024-01-16,6115.94048469422,2.82689137201224,128062.23914598962
2024-01-17,127940.28411808681,0.0,127940.28411808681
2024-01-18,127940.28411808681,0.0,127940.28411808681
2024-01-19,127940.28411808681,0.0,127940.28411808681
2024-01-20,127940.28411808681,0.0,127940.28411808681
2024-01-21,127940.28411808681,0.0,127940.28411808681
2024-01-22,127940.28411808681,0.0,127940.28411808681
2024-01-23,127940.28411808681,0.0,127940.28411808681
2024-01-24,127940.28411808681,0.0,127940.28411808681
2024-01-25,127940.28411808681,0.0,127940.28411808681
2024-01-26,127940.28411808681,0.0,127940.28411808681
2024-01-27,127940.28411808681,0.0,127940.28411808681
2024-01-28,127940.28411808681,0.0,127940.28411808681
2024-01-29,127940.28411808681,0.0,127940.28411808681
2024-01-30,127940.28411808681,0.0,127940.28411808681
2024-01-31,127940.28411808681,0.0,127940.28411808681
2024-02-01,127940.28411808681,0.0,127940.28411808681
2024-02-02,127940.28411808681,0.0,127940.28411808681
2024-02-03,127940.28411808681,0.0,127940.28411808681
2024-02-04,127940.28411808681,0.0,127940.28411808681
2024-02-05,6299.779589974598,2.85370473107875,128177.7988381976
2024-02-06,6299.779589974598,2.85370473107875,129291.45710950108
2024-02-07,129168.5136191648,0.0,129168.5136191648
2024-02-08,129168.5136191648,0.0,129168.5136191648
2024-02-09,129168.5136191648,0.0,129168.5136191648
2024-02-10,129168.5136191648,0.0,129168.5136191648
2024-02-11,129168.5136191648,0.0,129168.5136191648
2024-02-12,129168.5136191648,0.0,129168.5136191648
2024-02-13,129168.5136191648,0.0,129168.5136191648
2024-02-14,129168.5136191648,0.0,129168.5136191648
2024-02-15,129168.5136191648,0.0,129168.5136191648
2024-02-16,129168.5136191648,0.0,129168.5136191648
2024-02-17,129168.5136191648,0.0,129168.5136191648
2024-02-18,129168.5136191648,0.0,129168.5136191648
2024-02-19,129168.5136191648,0.0,129168.5136191648
2024-02-20,129168.5136191648,0.0,129168.5136191648
2024-02-21,129168.5136191648,0.0,129168.5136191648
2024-02-22,129168.5136191648,0.0,129168.5136191648
2024-02-23,129168.5136191648,0.0,129168.5136191648
2024-02-24,6360.257610607674,2.4177279711659563,131038.18552784737
2024-02-25,130913.5033952923,0.0,130913.5033952923
2024-02-26,130913.5033952923,0.0,130913.5033952923
2024-02-27,130913.5033952923,0.0,130913.5033952923
2024-02-28,130913.5033952923,0.0,130913.5033952923
2024-02-29,130913.5033952923,0.0,130913.5033952923
2024-03-01,130913.5033952923,0.0,130913.5033952923
2024-03-02,130913.5033952923,0.0,130913.5033952923
2024-03-03,130913.5033952923,0.0,130913.5033952923
2024-03-04,130913.5033952923,0.0,130913.5033952923
2024-03-05,130913.5033952923,0.0,130913.5033952923
2024-03-06,130913.5033952923,0.0,130913.5033952923
2024-03-07,130913.5033952923,0.0,130913.5033952923
2024-03-08,130913.5033952923,0.0,130913.5033952923
2024-03-09,130913.5033952923,0.0,130913.5033952923
2024-03-10,130913.5033952923,0.0,130913.5033952923
2024-03-11,130913.5033952923,0.0,130913.5033952923
2024-03-12,130913.5033952923,0.0,130913.5033952923
2024-03-13,130913.5033952923,0.0,130913.5033952923
2024-03-14,130913.5033952923,0.0,130913.5033952923
2024-03-15,130913.5033952923,0.0,130913.5033952923
2024-03-16,130913.5033952923,0.0,130913.5033952923
2024-03-17,130913.5033952923,0.0,130913.5033952923
2024-03-18,130913.5033952923,0.0,130913.5033952923
2024-03-19,130913.5033952923,0.0,130913.5033952923
2024-03-20,130913.5033952923,0.0,130913.5033952923
2024-03-21,130913.5033952923,0.0,130913.5033952923
2024-03-22,130913.5033952923,0.0,130913.5033952923
2024-03-23,6446.1809071842,1.9490518565491999,131166.02869828607
2024-03-24,6446.1809071842,1.9490518565491999,137441.93669533735
2024-03-25,137310.98136990133,0.0,137310.98136990133
2024-03-26,137310.98136990133,0.0,137310.98136990133
2024-03-27,137310.98136990133,0.0,137310.98136990133
2024-03-28,137310.98136990133,0.0,137310.98136990133
2024-03-29,137310.98136990133,0.0,137310.98136990133
2024-03-30,137310.98136990133,0.0,137310.98136990133
2024-03-31,137310.98136990133,0.0,137310.98136990133
2024-04-01,137310.98136990133,0.0,137310.98136990133
2024-04-02,137310.98136990133,0.0,137310.98136990133
2024-04-03,137310.98136990133,0.0,137310.98136990133
2024-04-04,137310.98136990133,0.0,137310.98136990133
2024-04-05,137310.98136990133,0.0,137310.98136990133
2024-04-06,137310.98136990133,0.0,137310.98136990133
2024-04-07,137310.98136990133,0.0,137310.98136990133
2024-04-08,137310.98136990133,0.0,137310.98136990133
2024-04-09,137310.98136990133,0.0,137310.98136990133
2024-04-10,137310.98136990133,0.0,137310.98136990133
2024-04-11,137310.98136990133,0.0,137310.98136990133
2024-04-12,137310.98136990133,0.0,137310.98136990133
2024-04-13,137310.98136990133,0.0,137310.98136990133
2024-04-14,137310.98136990133,0.0,137310.98136990133
2024-04-15,137310.98136990133,0.0,137310.98136990133
2024-04-16,137310.98136990133,0.0,137310.98136990133
2024-04-17,137310.98136990133,0.0,137310.98136990133
2024-04-18,6761.192722653956,2.128344071364016,141847.36119965377
2024-04-19,141712.31790712435,0.0,141712.31790712435
2024-04-20,141712.31790712435,0.0,141712.31790712435
2024-04-21,141712.31790712435,0.0,141712.31790712435
2024-04-22,141712.31790712435,0.0,141712.31790712435
2024-04-23,141712.31790712435,0.0,141712.31790712435
2024-04-24,141712.31790712435,0.0,141712.31790712435
2024-04-25,141712.31790712435,0.0,141712.31790712435
2024-04-26,141712.31790712435,0.0,141712.31790712435
2024-04-27,141712.31790712435,0.0,141712.31790712435
2024-04-28,141712.31790712435,0.0,141712.31790712435
2024-04-29,141712.31790712435,0.0,141712.31790712435
2024-04-30,141712.31790712435,0.0,141712.31790712435
2024-05-01,141712.31790712435,0.0,141712.31790712435
2024-05-02,141712.31790712435,0.0,141712.31790712435
2024-05-03,141712.31790712435,0.0,141712.31790712435
2024-05-04,141712.31790712435,0.0,141712.31790712435
2024-05-05,141712.31790712435,0.0,141712.31790712435
2024-05-06,141712.31790712435,0.0,141712.31790712435
2024-05-07,141712.31790712435,0.0,141712.31790712435
2024-05-08,141712.31790712435,0.0,141712.31790712435
2024-05-09,141712.31790712435,0.0,141712.31790712435
2024-05-10,141712.31790712435,0.0,141712.31790712435
2024-05-11,141712.31790712435,0.0,141712.31790712435
2024-05-12,141712.31790712435,0.0,141712.31790712435
2024-05-13,141712.31790712435,0.0,141712.31790712435
2024-05-14,141712.31790712435,0.0,141712.31790712435
2024-05-15,141712.31790712435,0.0,141712.31790712435
2024-05-16,141712.31790712435,0.0,141712.31790712435
2024-05-17,141712.31790712435,0.0,141712.31790712435
2024-05-18,141712.31790712435,0.0,141712.31790712435
2024-05-19,141712.31790712435,0.0,141712.31790712435
2024-05-20,6977.914533746807,2.0309590798104393,152083.07614451292
2024-05-21,151937.994199728,0.0,151937.994199728
2024-05-22,151937.994199728,0.0,151937.994199728
2024-05-23,151937.994199728,0.0,151937.994199728
2024-05-24,7481.426834394602,2.123186022165374,153025.8074219708
2024-05-25,7481.426834394602,2.123186022165374,154598.19652626602
2024-05-26,154451.0820846255,0.0,154451.0820846255
2024-05-27,154451.0820846255,0.0,154451.0820846255
2024-05-28,154451.0820846255,0.0,154451.0820846255
2024-05-29,154451.0820846255,0.0,154451.0820846255
2024-05-30,154451.0820846255,0.0,154451.0820846255
2024-05-31,154451.0820846255,0.0,154451.0820846255
2024-06-01,154451.0820846255,0.0,154451.0820846255
2024-06-02,154451.0820846255,0.0,154451.0820846255
2024-06-03,154451.0820846255,0.0,154451.0820846255
2024-06-04,154451.0820846255,0.0,154451.0820846255
2024-06-05,154451.0820846255,0.0,154451.0820846255
2024-06-06,154451.0820846255,0.0,154451.0820846255
2024-06-07,154451.0820846255,0.0,154451.0820846255
2024-06-08,154451.0820846255,0.0,154451.0820846255
2024-06-09,154451.0820846255,0.0,154451.0820846255
2024-06-10,154451.0820846255,0.0,154451.0820846255
2024-06-11,154451.0820846255,0.0,154451.0820846255
2024-06-12,154451.0820846255,0.0,154451.0820846255
2024-06-13,154451.0820846255,0.0,154451.0820846255
2024-06-14,154451.0820846255,0.0,154451.0820846255
2024-06-15,7605.171281846968,2.2212344854204855,154713.64409089624
2024-06-16,7605.171281846968,2.2212344854204855,155710.13430574557
2024-06-17,155562.0308493797,0.0,155562.0308493797
2024-06-18,155562.0308493797,0.0,155562.0308493797
2024-06-19,155562.0308493797,0.0,155562.0308493797
2024-06-20,155562.0308493797,0.0,155562.0308493797
2024-06-21,155562.0308493797,0.0,155562.0308493797
2024-06-22,7659.87439902348,2.303495135462149,155687.10182904344
2024-06-23,7659.87439902348,2.303495135462149,153263.82494653726
2024-06-24,7659.87439902348,2.303495135462149,146545.19764998346
2024-06-25,7659.87439902348,2.303495135462149,150029.7177763484
2024-06-26,7659.87439902348,2.303495135462149,147862.0827839758
2024-06-27,7659.87439902348,2.303495135462149,149800.4278705645
2024-06-28,149658.28704766143,0.0,149658.28704766143
2024-06-29,7369.174054226867,2.3523419554069287,150830.7001392035
2024-06-30,7369.174054226867,2.3523419554069287,155030.40680245016
2024-07-01,154882.7691954992,0.0,154882.7691954992
2024-07-02,154882.7691954992,0.0,154882.7691954992
2024-07-03,154882.7691954992,0.0,154882.7691954992
2024-07-04,154882.7691954992,0.0,154882.7691954992
2024-07-05,154882.7691954992,0.0,154882.7691954992
2024-07-06,154882.7691954992,0.0,154882.7691954992
2024-07-07,154882.7691954992,0.0,154882.7691954992
2024-07-08,7626.427555186383,2.633637245963375,156992.16317784574
2024-07-09,7626.427555186383,2.633637245963375,160509.06968336029
2024-07-10,160356.21150245485,0.0,160356.21150245485
2024-07-11,160356.21150245485,0.0,160356.21150245485
2024-07-12,160356.21150245485,0.0,160356.21150245485
2024-07-13,160356.21150245485,0.0,160356.21150245485
2024-07-14,160356.21150245485,0.0,160356.21150245485
2024-07-15,160356.21150245485,0.0,160356.21150245485
2024-07-16,160356.21150245485,0.0,160356.21150245485
2024-07-17,160356.21150245485,0.0,160356.21150245485
2024-07-18,160356.21150245485,0.0,160356.21150245485
2024-07-19,160356.21150245485,0.0,160356.21150245485
2024-07-20,160356.21150245485,0.0,160356.21150245485
2024-07-21,160356.21150245485,0.0,160356.21150245485
2024-07-22,160356.21150245485,0.0,160356.21150245485
2024-07-23,160356.21150245485,0.0,160356.21150245485
2024-07-24,160356.21150245485,0.0,160356.21150245485
2024-07-25,160356.21150245485,0.0,160356.21150245485
2024-07-26,160356.21150245485,0.0,160356.21150245485
2024-07-27,160356.21150245485,0.0,160356.21150245485
2024-07-28,160356.21150245485,0.0,160356.21150245485
2024-07-29,160356.21150245485,0.0,160356.21150245485
2024-07-30,160356.21150245485,0.0,160356.21150245485
2024-07-31,7895.939854380878,2.3011412845147796,156614.09879000206
2024-08-01,7895.939854380878,2.3011412845147796,158284.77338538546
2024-08-02,7895.939854380878,2.3011412845147796,149412.2859460947
2024-08-03,7895.939854380878,2.3011412845147796,147570.59053044612
2024-08-04,7895.939854380878,2.3011412845147796,141732.61810304498
2024-08-05,7895.939854380878,2.3011412845147796,132200.8536857407
2024-08-06,132076.59164910068,0.0,132076.59164910068
2024-08-07,132076.59164910068,0.0,132076.59164910068
2024-08-08,132076.59164910068,0.0,132076.59164910068
2024-08-09,132076.59164910068,0.0,132076.59164910068
2024-08-10,132076.59164910068,0.0,132076.59164910068
2024-08-11,132076.59164910068,0.0,132076.59164910068
2024-08-12,6503.451372801719,2.136640072123189,133305.86054267065
2024-08-13,6503.451372801719,2.136640072123189,135956.3839185402
2024-08-14,135826.9730435014,0.0,135826.9730435014
2024-08-15,135826.9730435014,0.0,135826.9730435014
2024-08-16,135826.9730435014,0.0,135826.9730435014
2024-08-17,135826.9730435014,0.0,135826.9730435014
2024-08-18,135826.9730435014,0.0,135826.9730435014
2024-08-19,6688.120152661999,2.2080382291314082,137930.6004348892
2024-08-20,137799.37895340385,0.0,137799.37895340385
2024-08-21,137799.37895340385,0.0,137799.37895340385
2024-08-22,137799.37895340385,0.0,137799.37895340385
2024-08-23,137799.37895340385,0.0,137799.37895340385
2024-08-24,137799.37895340385,0.0,137799.37895340385
2024-08-25,137799.37895340385,0.0,137799.37895340385
2024-08-26,137799.37895340385,0.0,137799.37895340385
2024-08-27,6785.241419665632,2.0830001807789067,130546.69716064437
2024-08-28,6785.241419665632,2.0830001807789067,129754.94879193032
2024-08-29,6785.241419665632,2.0830001807789067,130430.06998052256
2024-08-30,6785.241419665632,2.0830001807789067,129940.5232780359
2024-08-31,6785.241419665632,2.0830001807789067,129628.07325091906
2024-09-01,6785.241419665632,2.0830001807789067,126145.02615863323
2024-09-02,126025.49818888358,0.0,126025.49818888358
2024-09-03,126025.49818888358,0.0,126025.49818888358
2024-09-04,126025.49818888358,0.0,126025.49818888358
2024-09-05,126025.49818888358,0.0,126025.49818888358
2024-09-06,126025.49818888358,0.0,126025.49818888358
2024-09-07,126025.49818888358,0.0,126025.49818888358
2024-09-08,126025.49818888358,0.0,126025.49818888358
2024-09-09,126025.49818888358,0.0,126025.49818888358
2024-09-10,126025.49818888358,0.0,126025.49818888358
2024-09-11,126025.49818888358,0.0,126025.49818888358
2024-09-12,126025.49818888358,0.0,126025.49818888358
2024-09-13,126025.49818888358,0.0,126025.49818888358
2024-09-14,126025.49818888358,0.0,126025.49818888358
2024-09-15,126025.49818888358,0.0,126025.49818888358
2024-09-16,6205.495530820626,2.0242894409591226,124047.46080392058
2024-09-17,6205.495530820626,2.0242894409591226,128298.46862993472
2024-09-18,128176.39519171132,0.0,128176.39519171132
2024-09-19,128176.39519171132,0.0,128176.39519171132
2024-09-20,128176.39519171132,0.0,128176.39519171132
2024-09-21,128176.39519171132,0.0,128176.39519171132
2024-09-22,128176.39519171132,0.0,128176.39519171132
2024-09-23,128176.39519171132,0.0,128176.39519171132
2024-09-24,128176.39519171132,0.0,128176.39519171132
2024-09-25,128176.39519171132,0.0,128176.39519171132
2024-09-26,128176.39519171132,0.0,128176.39519171132
2024-09-27,128176.39519171132,0.0,128176.39519171132
2024-09-28,128176.39519171132,0.0,128176.39519171132
2024-09-29,128176.39519171132,0.0,128176.39519171132
2024-09-30,128176.39519171132,0.0,128176.39519171132
2024-10-01,128176.39519171132,0.0,128176.39519171132
2024-10-02,128176.39519171132,0.0,128176.39519171132
2024-10-03,128176.39519171132,0.0,128176.39519171132
2024-10-04,128176.39519171132,0.0,128176.39519171132
2024-10-05,128176.39519171132,0.0,128176.39519171132
2024-10-06,128176.39519171132,0.0,128176.39519171132
2024-10-07,128176.39519171132,0.0,128176.39519171132
2024-10-08,128176.39519171132,0.0,128176.39519171132
2024-10-09,128176.39519171132,0.0,128176.39519171132
2024-10-10,128176.39519171132,0.0,128176.39519171132
2024-10-11,128176.39519171132,0.0,128176.39519171132
2024-10-12,128176.39519171132,0.0,128176.39519171132
2024-10-13,128176.39519171132,0.0,128176.39519171132
2024-10-14,128176.39519171132,0.0,128176.39519171132
2024-10-15,128176.39519171132,0.0,128176.39519171132
2024-10-16,128176.39519171132,0.0,128176.39519171132
2024-10-17,128176.39519171132,0.0,128176.39519171132
2024-10-18,128176.39519171132,0.0,128176.39519171132
2024-10-19,128176.39519171132,0.0,128176.39519171132
2024-10-20,128176.39519171132,0.0,128176.39519171132
2024-10-21,128176.39519171132,0.0,128176.39519171132
2024-10-22,128176.39519171132,0.0,128176.39519171132
2024-10-23,128176.39519171132,0.0,128176.39519171132
2024-10-24,128176.39519171132,0.0,128176.39519171132
2024-10-25,128176.39519171132,0.0,128176.39519171132
2024-10-26,128176.39519171132,0.0,128176.39519171132
2024-10-27,128176.39519171132,0.0,128176.39519171132
2024-10-28,128176.39519171132,0.0,128176.39519171132
2024-10-29,128176.39519171132,0.0,128176.39519171132
2024-10-30,128176.39519171132,0.0,128176.39519171132
2024-10-31,128176.39519171132,0.0,128176.39519171132
2024-11-01,128176.39519171132,0.0,128176.39519171132
2024-11-02,6311.405699239869,1.7518019279781338,127842.20898422164
2024-11-03,6311.405699239869,1.7518019279781338,126793.31757984473
2024-11-04,6311.405699239869,1.7518019279781338,125171.18403057552
2024-11-05,6311.405699239869,1.7518019279781338,127837.42656495824
2024-11-06,127715.91998825586,0.0,127715.91998825586
2024-11-07,127715.91998825586,0.0,127715.91998825586
2024-11-08,127715.91998825586,0.0,127715.91998825586
2024-11-09,127715.91998825586,0.0,127715.91998825586
2024-11-10,127715.91998825586,0.0,127715.91998825586
2024-11-11,127715.91998825586,0.0,127715.91998825586
2024-11-12,127715.91998825586,0.0,127715.91998825586
2024-11-13,127715.91998825586,0.0,127715.91998825586
2024-11-14,127715.91998825586,0.0,127715.91998825586
2024-11-15,127715.91998825586,0.0,127715.91998825586
2024-11-16,127715.91998825586,0.0,127715.91998825586
2024-11-17,127715.91998825586,0.0,127715.91998825586
2024-11-18,6288.731900221726,1.350003225342151,128415.5316778321
2024-11-19,128293.41093180807,0.0,128293.41093180807
2024-11-20,128293.41093180807,0.0,128293.41093180807
2024-11-21,128293.41093180807,0.0,128293.41093180807
2024-11-22,128293.41093180807,0.0,128293.41093180807
2024-11-23,128293.41093180807,0.0,128293.41093180807
2024-11-24,128293.41093180807,0.0,128293.41093180807
2024-11-25,128293.41093180807,0.0,128293.41093180807
2024-11-26,128293.41093180807,0.0,128293.41093180807
2024-11-27,128293.41093180807,0.0,128293.41093180807
2024-11-28,128293.41093180807,0.0,128293.41093180807
2024-11-29,128293.41093180807,0.0,128293.41093180807
2024-11-30,128293.41093180807,0.0,128293.41093180807
2024-12-01,128293.41093180807,0.0,128293.41093180807
2024-12-02,128293.41093180807,0.0,128293.41093180807
2024-12-03,128293.41093180807,0.0,128293.41093180807
2024-12-04,128293.41093180807,0.0,128293.41093180807
2024-12-05,128293.41093180807,0.0,128293.41093180807
2024-12-06,128293.41093180807,0.0,128293.41093180807
2024-12-07,128293.41093180807,0.0,128293.41093180807
2024-12-08,128293.41093180807,0.0,128293.41093180807
2024-12-09,128293.41093180807,0.0,128293.41093180807
2024-12-10,128293.41093180807,0.0,128293.41093180807
2024-12-11,128293.41093180807,0.0,128293.41093180807
2024-12-12,128293.41093180807,0.0,128293.41093180807
2024-12-13,128293.41093180807,0.0,128293.41093180807
2024-12-14,128293.41093180807,0.0,128293.41093180807
2024-12-15,128293.41093180807,0.0,128293.41093180807
2024-12-16,128293.41093180807,0.0,128293.41093180807
2024-12-17,128293.41093180807,0.0,128293.41093180807
2024-12-18,128293.41093180807,0.0,128293.41093180807
2024-12-19,128293.41093180807,0.0,128293.41093180807
2024-12-20,128293.41093180807,0.0,128293.41093180807
2024-12-21,128293.41093180807,0.0,128293.41093180807
2024-12-22,128293.41093180807,0.0,128293.41093180807
2024-12-23,6317.167554282234,1.2801673677268972,127781.3292502408
2024-12-24,6317.167554282234,1.2801673677268972,132623.06305339438
2024-12-25,132496.77736683853,0.0,132496.77736683853
2024-12-26,132496.77736683853,0.0,132496.77736683853
2024-12-27,6524.141317543137,1.3137557901180026,130410.03798255436
2024-12-28,6524.141317543137,1.3137557901180026,131725.0681157888
2024-12-29,6524.141317543137,1.3137557901180026,129673.24432278248
2024-12-30,6524.141317543137,1.3137557901180026,128430.23428196234
2024-12-31,6524.141317543137,1.3137557901180026,129460.15313362535
