date,side,quantity,price,fee,signal_index
2023-02-06,BUY,4.141689990465237,22937.496582,76.0,66
2023-02-08,SELL,4.141689990465237,23237.771515999997,76.99491655082832,68
2023-02-20,BUY,3.9557884557639595,24277.364501999997,76.82889458670827,80
2023-02-21,SELL,3.9557884557639595,24838.921222,78.60601425889442,81
2023-02-25,BUY,4.226148196903321,23188.676808,78.39902774456246,85
2023-02-27,SELL,4.226148196903321,23550.13903,79.62110207876562,87
2023-03-23,BUY,3.6431739062746105,27256.420194000002,79.43990306338974,111
2023-03-24,SELL,3.6431739062746105,28289.760916,82.45161502713482,112
2023-04-03,BUY,3.6455496015744653,28177.504374,82.17799187519876,122
2023-04-05,SELL,3.6455496015744653,28159.836906,82.12646577045618,124
2023-04-18,BUY,3.4822893713367207,29436.156054,82.00417068788262,137
2023-04-19,SELL,3.4822893713367207,30373.933998,84.61666202153478,138
2023-05-22,BUY,3.9415671653203597,26753.129556,84.359405621993,171
2023-05-24,SELL,3.9415671653203597,27214.166078000002,85.81317075569596,173
2023-06-02,BUY,3.9895898254664366,26823.293586,85.61115134096379,182
2023-06-03,SELL,3.9895898254664366,27237.141482,86.93201802510161,183
2023-06-27,BUY,3.5812379011003044,30274.043598,86.7348418821765,207
2023-06-28,SELL,3.5812379011003044,30686.301512,87.91595681549278,208
2023-08-14,BUY,3.7412586203173555,29309.710769999998,87.72416646181675,255
2023-08-15,SELL,3.7412586203173555,29425.033816,88.06932913379174,256
2023-09-22,BUY,4.135643588376876,26573.393616,87.91846794354034,294
2023-09-28,SELL,4.135643588376876,26367.7254,87.23801159247368,300
2023-10-10,BUY,3.947132668657393,27595.638024,87.13891548557963,312
2023-10-16,SELL,3.947132668657393,27148.709172,85.72764550774384,318
2023-11-14,BUY,2.9361909643638304,36470.222585999996,85.6668304202807,347
2023-11-16,SELL,2.9361909643638304,37850.628359999995,88.90933838890027,349
2023-11-27,BUY,2.957373823718247,37454.909483999996,88.61453510217433,360
2023-11-29,SELL,2.957373823718247,37811.316223999995,89.45775747295252,362
2023-12-08,BUY,2.578458262521635,43281.80463,89.28026141205652,371
2023-12-09,SELL,2.578458262521635,44162.1658,91.0962410382883,372
2023-12-18,BUY,2.7447424883315863,41382.914928,90.86835591511445,381
2023-12-19,SELL,2.7447424883315863,42649.26844000001,93.64900734682193,382
2023-12-25,BUY,2.7142304689556225,43000.0983,93.36974157915749,388
2023-12-26,SELL,2.7142304689556225,43567.404776,94.60158199707354,389
2024-01-15,BUY,2.82689137201224,41740.696469999995,94.39713177025979,409
2024-01-17,SELL,2.82689137201224,43129.31241200001,97.53750491064258,411
2024-02-05,BUY,2.85370473107875,42591.396576,97.23461592974597,430
2024-02-07,SELL,2.85370473107875,43090.340208,98.37368617229,432
2024-02-24,BUY,2.4177279711659563,50754.29883,98.16807035056524,449
2024-02-25,SELL,2.4177279711659563,51557.896358,99.7223745273696,450
2024-03-23,BUY,1.9490518565491999,63809.399328,99.49426258042213,477
2024-03-25,SELL,1.9490518565491999,67196.558,104.77566089889281,479
2024-04-18,BUY,2.128344071364016,61289.635475999996,104.356345841125,503
2024-04-19,SELL,2.128344071364016,63457.395981999995,108.04733801799073,504
2024-05-20,BUY,2.0309590798104393,66287.2548,107.7013616094145,535
2024-05-21,SELL,2.0309590798104393,71432.330676,116.06091246275517,536
2024-05-24,BUY,2.123186022165374,67983.253932,115.47287559179328,539
2024-05-26,SELL,2.123186022165374,69276.701888,117.66986008825532,541
2024-06-15,BUY,2.2212344854204855,66057.198798,117.38282238431538,561
2024-06-17,SELL,2.2212344854204855,66663.524628,118.46025585871315,563
2024-06-22,BUY,2.303495135462149,64156.38871199999,118.22714344552855,568
2024-06-28,SELL,2.303495135462149,61694.118708,113.68968186440189,574
2024-06-29,BUY,2.3523419554069287,60439.925568,113.74029815622268,575
2024-07-01,SELL,2.3523419554069287,62759.455598,118.10536040133893,577
2024-07-08,BUY,2.633637245963375,55868.98156199999,117.71090458857938,584
2024-07-10,SELL,2.633637245963375,58038.39,122.28165247979862,586
2024-07-31,BUY,2.3011412845147796,66201.2376,121.8707207418657,607
2024-08-06,SELL,2.3011412845147796,54008.016236,99.4240606843233,613
2024-08-12,BUY,2.136640072123189,58724.332517999996,100.37820965331652,619
2024-08-14,SELL,2.136640072123189,60575.042568000004,103.54165065708543,621
2024-08-19,BUY,2.2080382291314082,58439.035469999995,103.22849951306108,626
2024-08-20,SELL,2.2080382291314082,59426.6123,104.97298542893661,627
2024-08-27,BUY,2.0830001807789067,62846.5668,104.7275280045869,634
2024-09-02,SELL,2.0830001807789067,57290.309646,95.46858027959803,640
2024-09-16,BUY,2.0242894409591226,59143.8264,95.77937862355151,654
2024-09-18,SELL,2.0242894409591226,60301.927202,97.65484360359542,656
2024-11-02,BUY,1.7518019279781338,69509.8992,97.41406034570059,701
2024-11-06,SELL,1.7518019279781338,69358.135598,97.20137252923618,705
2024-11-18,BUY,1.350003225342151,89873.951196,97.06409919107445,717
2024-11-19,SELL,1.350003225342151,90445.977186,97.68188873625809,718
2024-12-23,BUY,1.2801673677268972,95205.317256,97.50299230817413,752
2024-12-25,SELL,1.2801673677268972,98643.847284,101.02450745600986,754
2024-12-27,BUY,1.3137557901180026,95810.75832000001,100.69755079879728,756
