date,equity,cumulative_return
2023-01-01,100000,0
2023-01-02,100000,0
2023-01-03,100000,0
2023-01-04,100000,0
2023-01-05,100000,0
2023-01-06,100000,0
2023-01-07,100000,0
2023-01-08,100000,0
2023-01-09,100000,0
2023-01-10,100000,0
2023-01-11,100000,0
2023-01-12,100000,0
2023-01-13,100000,0
2023-01-14,100000,0
2023-01-15,100000,0
2023-01-16,100000,0
2023-01-17,100000,0
2023-01-18,100000,0
2023-01-19,100000,0
2023-01-20,100000,0
2023-01-21,100000,0
2023-01-22,100000,0
2023-01-23,100000,0
2023-01-24,100000,0
2023-01-25,100000,0
2023-01-26,100000,0
2023-01-27,100000,0
2023-01-28,100000,0
2023-01-29,100000,0
2023-01-30,100000,0
2023-01-31,100000,0
2023-02-01,100000,0
2023-02-02,100000,0
2023-02-03,100000,0
2023-02-04,100000,0
2023-02-05,100000,0
2023-02-06,99199.3012418,-0.008006987582
2023-02-07,101178.780556,0.01178780556
2023-02-08,101090.650772,0.01090650772
2023-02-09,101090.650772,0.01090650772
2023-02-10,100234.159303,0.00234159303
2023-02-11,101279.702594,0.01279702594
2023-02-12,100931.672701,0.00931672701
2023-02-13,100889.51796,0.0088951796
2023-02-14,102765.425953,0.02765425953
2023-02-15,102667.653876,0.02667653876
2023-02-16,102667.653876,0.02667653876
2023-02-17,102667.653876,0.02667653876
2023-02-18,102667.653876,0.02667653876
2023-02-19,102667.653876,0.02667653876
2023-02-20,102667.653876,0.02667653876
2023-02-21,102667.653876,0.02667653876
2023-02-22,102667.653876,0.02667653876
2023-02-23,102667.653876,0.02667653876
2023-02-24,102667.653876,0.02667653876
2023-02-25,102456.68455,0.0245668455
2023-02-26,104129.793486,0.04129793486
2023-02-27,104030.7349,0.040307349
2023-02-28,104030.7349,0.040307349
2023-03-01,104030.7349,0.040307349
2023-03-02,104030.7349,0.040307349
2023-03-03,104030.7349,0.040307349
2023-03-04,103897.565123,0.03897565123
2023-03-05,104267.398701,0.04267398701
2023-03-06,104168.269638,0.04168269638
2023-03-07,104168.269638,0.04168269638
2023-03-08,101871.45377,0.0187145377
2023-03-09,95884.6565038,-0.041153434962
2023-03-10,94941.8569432,-0.050581430568
2023-03-11,96301.4351494,-0.036985648506
2023-03-12,96210.2775474,-0.037897224526
2023-03-13,96210.2775474,-0.037897224526
2023-03-14,96210.2775474,-0.037897224526
2023-03-15,96210.2775474,-0.037897224526
2023-03-16,96210.2775474,-0.037897224526
2023-03-17,96210.2775474,-0.037897224526
2023-03-18,96210.2775474,-0.037897224526
2023-03-19,96210.2775474,-0.037897224526
2023-03-20,96210.2775474,-0.037897224526
2023-03-21,96210.2775474,-0.037897224526
2023-03-22,96210.2775474,-0.037897224526
2023-03-23,96210.2775474,-0.037897224526
2023-03-24,96210.2775474,-0.037897224526
2023-03-25,96210.2775474,-0.037897224526
2023-03-26,96210.2775474,-0.037897224526
2023-03-27,96210.2775474,-0.037897224526
2023-03-28,96210.2775474,-0.037897224526
2023-03-29,96210.2775474,-0.037897224526
2023-03-30,96210.2775474,-0.037897224526
2023-03-31,96210.2775474,-0.037897224526
2023-04-01,96210.2775474,-0.037897224526
2023-04-02,96210.2775474,-0.037897224526
2023-04-03,96210.2775474,-0.037897224526
2023-04-04,96210.2775474,-0.037897224526
2023-04-05,96210.2775474,-0.037897224526
2023-04-06,96210.2775474,-0.037897224526
2023-04-07,96210.2775474,-0.037897224526
2023-04-08,96210.2775474,-0.037897224526
2023-04-09,96210.2775474,-0.037897224526
2023-04-10,96210.2775474,-0.037897224526
2023-04-11,96210.2775474,-0.037897224526
2023-04-12,96210.2775474,-0.037897224526
2023-04-13,96210.2775474,-0.037897224526
2023-04-14,96210.2775474,-0.037897224526
2023-04-15,96210.2775474,-0.037897224526
2023-04-16,96210.2775474,-0.037897224526
2023-04-17,96210.2775474,-0.037897224526
2023-04-18,99067.8402429,-0.009321597571
2023-04-19,98973.5248896,-0.010264751104
2023-04-20,98973.5248896,-0.010264751104
2023-04-21,98973.5248896,-0.010264751104
2023-04-22,100789.806996,0.00789806996
2023-04-23,100009.665666,9.665666e-05
2023-04-24,99734.9524745,-0.002650475255
2023-04-25,102458.499127,0.02458499127
2023-04-26,102360.964145,0.02360964145
2023-04-27,102360.964145,0.02360964145
2023-04-28,102360.964145,0.02360964145
2023-04-29,102360.964145,0.02360964145
2023-04-30,102360.964145,0.02360964145
2023-05-01,102360.964145,0.02360964145
2023-05-02,104347.560749,0.04347560749
2023-05-03,105581.720715,0.05581720715
2023-05-04,105481.195335,0.05481195335
2023-05-05,105481.195335,0.05481195335
2023-05-06,105481.195335,0.05481195335
2023-05-07,105481.195335,0.05481195335
2023-05-08,105481.195335,0.05481195335
2023-05-09,105234.23546,0.0523423546
2023-05-10,105127.345275,0.05127345275
2023-05-11,102845.681591,0.02845681591
2023-05-12,102217.049987,0.02217049987
2023-05-13,102145.608817,0.02145608817
2023-05-14,102661.013589,0.02661013589
2023-05-15,103546.406134,0.03546406134
2023-05-16,103081.839376,0.03081839376
2023-05-17,104427.99669,0.0442799669
2023-05-18,104328.814638,0.04328814638
2023-05-19,104328.814638,0.04328814638
2023-05-20,104328.814638,0.04328814638
2023-05-21,104328.814638,0.04328814638
2023-05-22,104328.814638,0.04328814638
2023-05-23,104328.814638,0.04328814638
2023-05-24,104328.814638,0.04328814638
2023-05-25,104328.814638,0.04328814638
2023-05-26,104328.814638,0.04328814638
2023-05-27,104328.814638,0.04328814638
2023-05-28,104328.814638,0.04328814638
2023-05-29,104328.814638,0.04328814638
2023-05-30,104328.814638,0.04328814638
2023-05-31,104328.814638,0.04328814638
2023-06-01,104328.814638,0.04328814638
2023-06-02,104328.814638,0.04328814638
2023-06-03,104328.814638,0.04328814638
2023-06-04,104328.814638,0.04328814638
2023-06-05,104328.814638,0.04328814638
2023-06-06,110014.219995,0.10014219995
2023-06-07,109909.321229,0.09909321229
2023-06-08,109909.321229,0.09909321229
2023-06-09,109909.321229,0.09909321229
2023-06-10,109909.321229,0.09909321229
2023-06-11,109909.321229,0.09909321229
2023-06-12,109909.321229,0.09909321229
2023-06-13,109909.321229,0.09909321229
2023-06-14,109909.321229,0.09909321229
2023-06-15,111756.998644,0.11756998644
2023-06-16,114858.261784,0.14858261784
2023-06-17,114748.874471,0.14748874471
2023-06-18,114748.874471,0.14748874471
2023-06-19,114748.874471,0.14748874471
2023-06-20,114748.874471,0.14748874471
2023-06-21,114748.874471,0.14748874471
2023-06-22,114748.874471,0.14748874471
2023-06-23,114748.874471,0.14748874471
2023-06-24,114748.874471,0.14748874471
2023-06-25,114748.874471,0.14748874471
2023-06-26,114748.874471,0.14748874471
2023-06-27,114748.874471,0.14748874471
2023-06-28,114748.874471,0.14748874471
2023-06-29,114748.874471,0.14748874471
2023-06-30,114748.874471,0.14748874471
2023-07-01,114748.874471,0.14748874471
2023-07-02,114748.874471,0.14748874471
2023-07-03,114748.874471,0.14748874471
2023-07-04,114748.874471,0.14748874471
2023-07-05,114748.874471,0.14748874471
2023-07-06,114748.874471,0.14748874471
2023-07-07,116277.805995,0.16277805995
2023-07-08,116058.808996,0.16058808996
2023-07-09,115607.034266,0.15607034266
2023-07-10,116521.59373,0.1652159373
2023-07-11,117289.122248,0.17289122248
2023-07-12,116406.499087,0.16406499087
2023-07-13,120322.815809,0.20322815809
2023-07-14,120208.161575,0.20208161575
2023-07-15,120208.161575,0.20208161575
2023-07-16,120208.161575,0.20208161575
2023-07-17,120208.161575,0.20208161575
2023-07-18,120208.161575,0.20208161575
2023-07-19,120285.425282,0.20285425282
2023-07-20,119867.82977,0.1986782977
2023-07-21,120256.785136,0.20256785136
2023-07-22,119844.887063,0.19844887063
2023-07-23,120952.828639,0.20952828639
2023-07-24,120837.813266,0.20837813266
2023-07-25,120837.813266,0.20837813266
2023-07-26,120837.813266,0.20837813266
2023-07-27,120837.813266,0.20837813266
2023-07-28,120837.813266,0.20837813266
2023-07-29,120837.813266,0.20837813266
2023-07-30,120837.813266,0.20837813266
2023-07-31,120837.813266,0.20837813266
2023-08-01,120837.813266,0.20837813266
2023-08-02,120837.813266,0.20837813266
2023-08-03,120837.813266,0.20837813266
2023-08-04,120837.813266,0.20837813266
2023-08-05,120837.813266,0.20837813266
2023-08-06,120837.813266,0.20837813266
2023-08-07,120837.813266,0.20837813266
2023-08-08,120837.813266,0.20837813266
2023-08-09,120837.813266,0.20837813266
2023-08-10,120837.813266,0.20837813266
2023-08-11,120837.813266,0.20837813266
2023-08-12,120837.813266,0.20837813266
2023-08-13,120837.813266,0.20837813266
2023-08-14,120837.813266,0.20837813266
2023-08-15,120837.813266,0.20837813266
2023-08-16,120837.813266,0.20837813266
2023-08-17,112305.554897,0.12305554897
2023-08-18,110030.869355,0.10030869355
2023-08-19,110214.670626,0.10214670626
2023-08-20,110574.123753,0.10574123753
2023-08-21,110322.171,0.10322171
2023-08-22,110038.858977,0.10038858977
2023-08-23,111543.784317,0.11543784317
2023-08-24,111438.167573,0.11438167573
2023-08-25,111438.167573,0.11438167573
2023-08-26,111438.167573,0.11438167573
2023-08-27,111438.167573,0.11438167573
2023-08-28,111438.167573,0.11438167573
2023-08-29,111438.167573,0.11438167573
2023-08-30,111438.167573,0.11438167573
2023-08-31,111438.167573,0.11438167573
2023-09-01,111438.167573,0.11438167573
2023-09-02,111438.167573,0.11438167573
2023-09-03,111438.167573,0.11438167573
2023-09-04,111438.167573,0.11438167573
2023-09-05,111438.167573,0.11438167573
2023-09-06,111438.167573,0.11438167573
2023-09-07,111438.167573,0.11438167573
2023-09-08,111438.167573,0.11438167573
2023-09-09,111438.167573,0.11438167573
2023-09-10,111438.167573,0.11438167573
2023-09-11,111438.167573,0.11438167573
2023-09-12,114182.47434,0.1418247434
2023-09-13,115788.920113,0.15788920113
2023-09-14,117053.927803,0.17053927803
2023-09-15,116942.378942,0.16942378942
2023-09-16,116942.378942,0.16942378942
2023-09-17,116942.378942,0.16942378942
2023-09-18,116942.378942,0.16942378942
2023-09-19,116942.378942,0.16942378942
2023-09-20,116942.378942,0.16942378942
2023-09-21,116942.378942,0.16942378942
2023-09-22,116942.378942,0.16942378942
2023-09-23,116942.378942,0.16942378942
2023-09-24,116942.378942,0.16942378942
2023-09-25,117070.035767,0.17070035767
2023-09-26,116718.219408,0.16718219408
2023-09-27,117358.547185,0.17358547185
2023-09-28,120102.325475,0.20102325475
2023-09-29,119987.999687,0.19987999687
2023-09-30,119987.999687,0.19987999687
2023-10-01,119987.999687,0.19987999687
2023-10-02,119987.999687,0.19987999687
2023-10-03,119987.999687,0.19987999687
2023-10-04,119987.999687,0.19987999687
2023-10-05,119987.999687,0.19987999687
2023-10-06,119987.999687,0.19987999687
2023-10-07,119987.999687,0.19987999687
2023-10-08,119987.999687,0.19987999687
2023-10-09,119987.999687,0.19987999687
2023-10-10,119987.999687,0.19987999687
2023-10-11,119987.999687,0.19987999687
2023-10-12,119382.583394,0.19382583394
2023-10-13,119816.684004,0.19816684004
2023-10-14,119776.314386,0.19776314386
2023-10-15,121055.547861,0.21055547861
2023-10-16,120940.376584,0.20940376584
2023-10-17,120940.376584,0.20940376584
2023-10-18,120940.376584,0.20940376584
2023-10-19,120940.376584,0.20940376584
2023-10-20,120940.376584,0.20940376584
2023-10-21,120940.376584,0.20940376584
2023-10-22,120940.376584,0.20940376584
2023-10-23,120940.376584,0.20940376584
2023-10-24,120940.376584,0.20940376584
2023-10-25,120940.376584,0.20940376584
2023-10-26,120940.376584,0.20940376584
2023-10-27,120940.376584,0.20940376584
2023-10-28,120940.376584,0.20940376584
2023-10-29,120940.376584,0.20940376584
2023-10-30,120940.376584,0.20940376584
2023-10-31,120940.376584,0.20940376584
2023-11-01,120940.376584,0.20940376584
2023-11-02,120940.376584,0.20940376584
2023-11-03,120940.376584,0.20940376584
2023-11-04,120940.376584,0.20940376584
2023-11-05,120940.376584,0.20940376584
2023-11-06,120940.376584,0.20940376584
2023-11-07,120940.376584,0.20940376584
2023-11-08,120940.376584,0.20940376584
2023-11-09,120940.376584,0.20940376584
2023-11-10,120940.376584,0.20940376584
2023-11-11,120940.376584,0.20940376584
2023-11-12,120940.376584,0.20940376584
2023-11-13,120940.376584,0.20940376584
2023-11-14,120940.376584,0.20940376584
2023-11-15,128279.694012,0.28279694012
2023-11-16,128157.388994,0.28157388994
2023-11-17,128157.388994,0.28157388994
2023-11-18,128157.388994,0.28157388994
2023-11-19,128157.388994,0.28157388994
2023-11-20,128157.388994,0.28157388994
2023-11-21,128157.388994,0.28157388994
2023-11-22,128157.388994,0.28157388994
2023-11-23,128157.388994,0.28157388994
2023-11-24,128157.388994,0.28157388994
2023-11-25,128157.388994,0.28157388994
2023-11-26,128157.388994,0.28157388994
2023-11-27,128157.388994,0.28157388994
2023-11-28,128157.388994,0.28157388994
2023-11-29,128157.388994,0.28157388994
2023-11-30,128157.388994,0.28157388994
2023-12-01,128157.388994,0.28157388994
2023-12-02,128157.388994,0.28157388994
2023-12-03,128157.388994,0.28157388994
2023-12-04,128157.388994,0.28157388994
2023-12-05,128157.388994,0.28157388994
2023-12-06,128157.388994,0.28157388994
2023-12-07,128157.388994,0.28157388994
2023-12-08,128157.388994,0.28157388994
2023-12-09,128157.388994,0.28157388994
2023-12-10,128157.388994,0.28157388994
2023-12-11,128157.388994,0.28157388994
2023-12-12,128740.795316,0.28740795316
2023-12-13,132802.804838,0.32802804838
2023-12-14,132676.332742,0.32676332742
2023-12-15,132676.332742,0.32676332742
2023-12-16,132676.332742,0.32676332742
2023-12-17,132676.332742,0.32676332742
2023-12-18,132676.332742,0.32676332742
2023-12-19,132676.332742,0.32676332742
2023-12-20,132676.332742,0.32676332742
2023-12-21,132676.332742,0.32676332742
2023-12-22,132676.332742,0.32676332742
2023-12-23,132676.332742,0.32676332742
2023-12-24,132676.332742,0.32676332742
2023-12-25,132676.332742,0.32676332742
2023-12-26,132676.332742,0.32676332742
2023-12-27,132676.332742,0.32676332742
2023-12-28,132676.332742,0.32676332742
2023-12-29,132676.332742,0.32676332742
2023-12-30,132676.332742,0.32676332742
2023-12-31,132676.332742,0.32676332742
2024-01-01,132676.332742,0.32676332742
2024-01-02,132676.332742,0.32676332742
2024-01-03,132676.332742,0.32676332742
2024-01-04,132676.332742,0.32676332742
2024-01-05,132676.332742,0.32676332742
2024-01-06,132676.332742,0.32676332742
2024-01-07,132676.332742,0.32676332742
2024-01-08,132676.332742,0.32676332742
2024-01-09,132676.332742,0.32676332742
2024-01-10,132676.332742,0.32676332742
2024-01-11,132676.332742,0.32676332742
2024-01-12,132676.332742,0.32676332742
2024-01-13,132742.490289,0.32742490289
2024-01-14,129456.35306,0.2945635306
2024-01-15,131750.174872,0.31750174872
2024-01-16,133596.572565,0.33596572565
2024-01-17,132530.73703,0.3253073703
2024-01-18,128263.860269,0.28263860269
2024-01-19,129240.387711,0.29240387711
2024-01-20,129349.401316,0.29349401316
2024-01-21,129008.575478,0.29008575478
2024-01-22,123081.281003,0.23081281003
2024-01-23,124052.064686,0.24052064686
2024-01-24,124603.701218,0.24603701218
2024-01-25,124239.075597,0.24239075597
2024-01-26,129724.866442,0.29724866442
2024-01-27,129601.694269,0.29601694269
2024-01-28,129601.694269,0.29601694269
2024-01-29,129601.694269,0.29601694269
2024-01-30,129601.694269,0.29601694269
2024-01-31,129601.694269,0.29601694269
2024-02-01,129601.694269,0.29601694269
2024-02-02,129601.694269,0.29601694269
2024-02-03,129601.694269,0.29601694269
2024-02-04,129601.694269,0.29601694269
2024-02-05,129601.694269,0.29601694269
2024-02-06,129601.694269,0.29601694269
2024-02-07,129601.694269,0.29601694269
2024-02-08,129601.694269,0.29601694269
2024-02-09,129601.694269,0.29601694269
2024-02-10,129601.694269,0.29601694269
2024-02-11,129601.694269,0.29601694269
2024-02-12,129601.694269,0.29601694269
2024-02-13,129601.694269,0.29601694269
2024-02-14,129601.694269,0.29601694269
2024-02-15,129601.694269,0.29601694269
2024-02-16,129601.694269,0.29601694269
2024-02-17,129601.694269,0.29601694269
2024-02-18,129601.694269,0.29601694269
2024-02-19,129601.694269,0.29601694269
2024-02-20,129601.694269,0.29601694269
2024-02-21,129601.694269,0.29601694269
2024-02-22,129601.694269,0.29601694269
2024-02-23,129601.694269,0.29601694269
2024-02-24,131477.636325,0.31477636325
2024-02-25,131352.536058,0.31352536058
2024-02-26,131352.536058,0.31352536058
2024-02-27,131352.536058,0.31352536058
2024-02-28,131352.536058,0.31352536058
2024-02-29,131352.536058,0.31352536058
2024-03-01,131352.536058,0.31352536058
2024-03-02,131352.536058,0.31352536058
2024-03-03,131352.536058,0.31352536058
2024-03-04,131352.536058,0.31352536058
2024-03-05,131352.536058,0.31352536058
2024-03-06,131352.536058,0.31352536058
2024-03-07,131352.536058,0.31352536058
2024-03-08,131352.536058,0.31352536058
2024-03-09,131352.536058,0.31352536058
2024-03-10,131352.536058,0.31352536058
2024-03-11,131352.536058,0.31352536058
2024-03-12,131352.536058,0.31352536058
2024-03-13,131352.536058,0.31352536058
2024-03-14,131352.536058,0.31352536058
2024-03-15,131352.536058,0.31352536058
2024-03-16,131352.536058,0.31352536058
2024-03-17,137136.773052,0.37136773052
2024-03-18,135639.878398,0.35639878398
2024-03-19,124802.127253,0.24802127253
2024-03-20,136080.297747,0.36080297747
2024-03-21,131611.069231,0.31611069231
2024-03-22,128354.293096,0.28354293096
2024-03-23,128723.735615,0.28723735615
2024-03-24,134875.659504,0.34875659504
2024-03-25,134747.291275,0.34747291275
2024-03-26,134747.291275,0.34747291275
2024-03-27,134747.291275,0.34747291275
2024-03-28,134747.291275,0.34747291275
2024-03-29,134747.291275,0.34747291275
2024-03-30,134747.291275,0.34747291275
2024-03-31,134747.291275,0.34747291275
2024-04-01,134747.291275,0.34747291275
2024-04-02,134747.291275,0.34747291275
2024-04-03,135595.415421,0.35595415421
2024-04-04,140530.918444,0.40530918444
2024-04-05,140397.063436,0.40397063436
2024-04-06,140397.063436,0.40397063436
2024-04-07,140397.063436,0.40397063436
2024-04-08,140397.063436,0.40397063436
2024-04-09,140397.063436,0.40397063436
2024-04-10,140397.063436,0.40397063436
2024-04-11,140397.063436,0.40397063436
2024-04-12,140397.063436,0.40397063436
2024-04-13,140397.063436,0.40397063436
2024-04-14,143887.849558,0.43887849558
2024-04-15,139211.210477,0.39211210477
2024-04-16,139990.146192,0.39990146192
2024-04-17,134741.571373,0.34741571373
2024-04-18,139315.701345,0.39315701345
2024-04-19,140041.50505,0.4004150505
2024-04-20,142383.277023,0.42383277023
2024-04-21,142384.445218,0.42384445218
2024-04-22,146302.425111,0.46302425111
2024-04-23,146163.05814,0.4616305814
2024-04-24,146163.05814,0.4616305814
2024-04-25,146163.05814,0.4616305814
2024-04-26,146163.05814,0.4616305814
2024-04-27,146163.05814,0.4616305814
2024-04-28,146163.05814,0.4616305814
2024-04-29,147668.044279,0.47668044279
2024-04-30,140642.955889,0.40642955889
2024-05-01,135568.726188,0.35568726188
2024-05-02,137098.761406,0.37098761406
2024-05-03,145503.793583,0.45503793583
2024-05-04,145365.508987,0.45365508987
2024-05-05,145365.508987,0.45365508987
2024-05-06,145365.508987,0.45365508987
2024-05-07,145365.508987,0.45365508987
2024-05-08,145365.508987,0.45365508987
2024-05-09,145365.508987,0.45365508987
2024-05-10,145365.508987,0.45365508987
2024-05-11,145365.508987,0.45365508987
2024-05-12,145365.508987,0.45365508987
2024-05-13,145365.508987,0.45365508987
2024-05-14,145365.508987,0.45365508987
2024-05-15,145365.508987,0.45365508987
2024-05-16,145365.508987,0.45365508987
2024-05-17,145365.508987,0.45365508987
2024-05-18,145365.508987,0.45365508987
2024-05-19,145365.508987,0.45365508987
2024-05-20,145365.508987,0.45365508987
2024-05-21,145365.508987,0.45365508987
2024-05-22,145365.508987,0.45365508987
2024-05-23,145365.508987,0.45365508987
2024-05-24,145365.508987,0.45365508987
2024-05-25,145365.508987,0.45365508987
2024-05-26,145365.508987,0.45365508987
2024-05-27,145365.508987,0.45365508987
2024-05-28,145365.508987,0.45365508987
2024-05-29,145365.508987,0.45365508987
2024-05-30,145365.508987,0.45365508987
2024-05-31,145365.508987,0.45365508987
2024-06-01,145365.508987,0.45365508987
2024-06-02,145365.508987,0.45365508987
2024-06-03,145365.508987,0.45365508987
2024-06-04,145365.508987,0.45365508987
2024-06-05,145365.508987,0.45365508987
2024-06-06,145365.508987,0.45365508987
2024-06-07,145365.508987,0.45365508987
2024-06-08,145365.508987,0.45365508987
2024-06-09,145365.508987,0.45365508987
2024-06-10,145365.508987,0.45365508987
2024-06-11,145365.508987,0.45365508987
2024-06-12,147175.4898,0.471754898
2024-06-13,144117.309658,0.44117309658
2024-06-14,142622.001548,0.42622001548
2024-06-15,142999.941072,0.42999941072
2024-06-16,143920.114901,0.43920114901
2024-06-17,143783.353975,0.43783353975
2024-06-18,143783.353975,0.43783353975
2024-06-19,143225.699224,0.43225699224
2024-06-20,143006.983762,0.43006983762
2024-06-21,141484.838977,0.41484838977
2024-06-22,141733.036394,0.41733036394
2024-06-23,139528.699687,0.39528699687
2024-06-24,133417.09235,0.3341709235
2024-06-25,136586.790241,0.36586790241
2024-06-26,134614.998484,0.34614998484
2024-06-27,136378.216404,0.36378216404
2024-06-28,133699.004385,0.33699004385
2024-06-29,134869.984923,0.34869984923
2024-06-30,138610.924518,0.38610924518
2024-07-01,138479.41453,0.3847941453
2024-07-02,138479.41453,0.3847941453
2024-07-03,138479.41453,0.3847941453
2024-07-04,138479.41453,0.3847941453
2024-07-05,137376.716243,0.37376716243
2024-07-06,141068.614507,0.41068614507
2024-07-07,140934.386099,0.40934386099
2024-07-08,140934.386099,0.40934386099
2024-07-09,140934.386099,0.40934386099
2024-07-10,140934.386099,0.40934386099
2024-07-11,140934.386099,0.40934386099
2024-07-12,140934.386099,0.40934386099
2024-07-13,140934.386099,0.40934386099
2024-07-14,140934.386099,0.40934386099
2024-07-15,140934.386099,0.40934386099
2024-07-16,140934.386099,0.40934386099
2024-07-17,140934.386099,0.40934386099
2024-07-18,140934.386099,0.40934386099
2024-07-19,140934.386099,0.40934386099
2024-07-20,140934.386099,0.40934386099
2024-07-21,140934.386099,0.40934386099
2024-07-22,140934.386099,0.40934386099
2024-07-23,140934.386099,0.40934386099
2024-07-24,140934.386099,0.40934386099
2024-07-25,140934.386099,0.40934386099
2024-07-26,140934.386099,0.40934386099
2024-07-27,140934.386099,0.40934386099
2024-07-28,140934.386099,0.40934386099
2024-07-29,140934.386099,0.40934386099
2024-07-30,140934.386099,0.40934386099
2024-07-31,140934.386099,0.40934386099
2024-08-01,142304.253447,0.42304253447
2024-08-02,134318.147845,0.34318147845
2024-08-03,132660.442023,0.32660442023
2024-08-04,127405.696426,0.27405696426
2024-08-05,118826.177126,0.18826177126
2024-08-06,122975.309122,0.22975309122
2024-08-07,121136.348039,0.21136348039
2024-08-08,134706.838994,0.34706838994
2024-08-09,134579.112899,0.34579112899
2024-08-10,134579.112899,0.34579112899
2024-08-11,134579.112899,0.34579112899
2024-08-12,134579.112899,0.34579112899
2024-08-13,134579.112899,0.34579112899
2024-08-14,134579.112899,0.34579112899
2024-08-15,134579.112899,0.34579112899
2024-08-16,134579.112899,0.34579112899
2024-08-17,134579.112899,0.34579112899
2024-08-18,134579.112899,0.34579112899
2024-08-19,134579.112899,0.34579112899
2024-08-20,134579.112899,0.34579112899
2024-08-21,134579.112899,0.34579112899
2024-08-22,134579.112899,0.34579112899
2024-08-23,134579.112899,0.34579112899
2024-08-24,134579.112899,0.34579112899
2024-08-25,134579.112899,0.34579112899
2024-08-26,134579.112899,0.34579112899
2024-08-27,134579.112899,0.34579112899
2024-08-28,133633.52608,0.3363352608
2024-08-29,134330.811759,0.34330811759
2024-08-30,133825.193048,0.33825193048
2024-08-31,133502.485165,0.33502485165
2024-09-01,129905.088286,0.29905088286
2024-09-02,133842.705329,0.33842705329
2024-09-03,133715.488162,0.33715488162
2024-09-04,133715.488162,0.33715488162
2024-09-05,133715.488162,0.33715488162
2024-09-06,133715.488162,0.33715488162
2024-09-07,134054.206675,0.34054206675
2024-09-08,135723.082355,0.35723082355
2024-09-09,135593.964085,0.35593964085
2024-09-10,135593.964085,0.35593964085
2024-09-11,135593.964085,0.35593964085
2024-09-12,135593.964085,0.35593964085
2024-09-13,135593.964085,0.35593964085
2024-09-14,135593.964085,0.35593964085
2024-09-15,135593.964085,0.35593964085
2024-09-16,135593.964085,0.35593964085
2024-09-17,135593.964085,0.35593964085
2024-09-18,135593.964085,0.35593964085
2024-09-19,135593.964085,0.35593964085
2024-09-20,135593.964085,0.35593964085
2024-09-21,135593.964085,0.35593964085
2024-09-22,135593.964085,0.35593964085
2024-09-23,135593.964085,0.35593964085
2024-09-24,135593.964085,0.35593964085
2024-09-25,135593.964085,0.35593964085
2024-09-26,135593.964085,0.35593964085
2024-09-27,135593.964085,0.35593964085
2024-09-28,135593.964085,0.35593964085
2024-09-29,135593.964085,0.35593964085
2024-09-30,135593.964085,0.35593964085
2024-10-01,130336.562766,0.30336562766
2024-10-02,130018.290772,0.30018290772
2024-10-03,130228.635004,0.30228635004
2024-10-04,132940.129362,0.32940129362
2024-10-05,132813.886081,0.32813886081
2024-10-06,132813.886081,0.32813886081
2024-10-07,132813.886081,0.32813886081
2024-10-08,132813.886081,0.32813886081
2024-10-09,132813.886081,0.32813886081
2024-10-10,132043.580367,0.32043580367
2024-10-11,136648.804071,0.36648804071
2024-10-12,136518.695057,0.36518695057
2024-10-13,136518.695057,0.36518695057
2024-10-14,136518.695057,0.36518695057
2024-10-15,136518.695057,0.36518695057
2024-10-16,136518.695057,0.36518695057
2024-10-17,136518.695057,0.36518695057
2024-10-18,136518.695057,0.36518695057
2024-10-19,136518.695057,0.36518695057
2024-10-20,136518.695057,0.36518695057
2024-10-21,136518.695057,0.36518695057
2024-10-22,136518.695057,0.36518695057
2024-10-23,136518.695057,0.36518695057
2024-10-24,136518.695057,0.36518695057
2024-10-25,136518.695057,0.36518695057
2024-10-26,136518.695057,0.36518695057
2024-10-27,136518.695057,0.36518695057
2024-10-28,136518.695057,0.36518695057
2024-10-29,136518.695057,0.36518695057
2024-10-30,136518.695057,0.36518695057
2024-10-31,136518.695057,0.36518695057
2024-11-01,136518.695057,0.36518695057
2024-11-02,136518.695057,0.36518695057
2024-11-03,136518.695057,0.36518695057
2024-11-04,136518.695057,0.36518695057
2024-11-05,139297.671912,0.39297671912
2024-11-06,151146.332416,0.51146332416
2024-11-07,151001.931372,0.51001931372
2024-11-08,151001.931372,0.51001931372
2024-11-09,151001.931372,0.51001931372
2024-11-10,151001.931372,0.51001931372
2024-11-11,151001.931372,0.51001931372
2024-11-12,151001.931372,0.51001931372
2024-11-13,151001.931372,0.51001931372
2024-11-14,151001.931372,0.51001931372
2024-11-15,151001.931372,0.51001931372
2024-11-16,151001.931372,0.51001931372
2024-11-17,151001.931372,0.51001931372
2024-11-18,151001.931372,0.51001931372
2024-11-19,151001.931372,0.51001931372
2024-11-20,151001.931372,0.51001931372
2024-11-21,151001.931372,0.51001931372
2024-11-22,151001.931372,0.51001931372
2024-11-23,151001.931372,0.51001931372
2024-11-24,151001.931372,0.51001931372
2024-11-25,151001.931372,0.51001931372
2024-11-26,149247.307311,0.49247307311
2024-11-27,155258.018075,0.55258018075
2024-11-28,155110.219043,0.55110219043
2024-11-29,155110.219043,0.55110219043
2024-11-30,155110.219043,0.55110219043
2024-12-01,155110.219043,0.55110219043
2024-12-02,155110.219043,0.55110219043
2024-12-03,155110.219043,0.55110219043
2024-12-04,155110.219043,0.55110219043
2024-12-05,155110.219043,0.55110219043
2024-12-06,155110.219043,0.55110219043
2024-12-07,155110.219043,0.55110219043
2024-12-08,155110.219043,0.55110219043
2024-12-09,155110.219043,0.55110219043
2024-12-10,155110.219043,0.55110219043
2024-12-11,155110.219043,0.55110219043
2024-12-12,155110.219043,0.55110219043
2024-12-13,155110.219043,0.55110219043
2024-12-14,155110.219043,0.55110219043
2024-12-15,155110.219043,0.55110219043
2024-12-16,155110.219043,0.55110219043
2024-12-17,155110.219043,0.55110219043
2024-12-18,155110.219043,0.55110219043
2024-12-19,155110.219043,0.55110219043
2024-12-20,155482.232438,0.55482232438
2024-12-21,154706.091433,0.54706091433
2024-12-22,151523.044128,0.51523044128
2024-12-23,151062.30252,0.5106230252
2024-12-24,156779.413552,0.56779413552
2024-12-25,156630.295628,0.56630295628
2024-12-26,156630.295628,0.56630295628
2024-12-27,156630.295628,0.56630295628
2024-12-28,156630.295628,0.56630295628
2024-12-29,156630.295628,0.56630295628
2024-12-30,156630.295628,0.56630295628
2024-12-31,156630.295628,0.56630295628
