date,equity,nav
2024-01-01,104160.5657663419,1.0416056576634189
2024-01-02,105882.89774451868,1.0588289774451867
2024-01-03,101165.69764040252,1.0116569764040253
2024-01-04,104096.71002095625,1.0409671002095624
2024-01-05,104083.2655248276,1.0408326552482761
2024-01-06,103686.4621073679,1.0368646210736789
2024-01-07,103598.253643619,1.0359825364361901
2024-01-08,110381.14783238283,1.1038114783238284
2024-01-09,108493.44181835317,1.0849344181835316
2024-01-10,109714.42202687118,1.0971442202687118
2024-01-11,109007.78918610624,1.0900778918610623
2024-01-12,101025.41700466955,1.0102541700466956
2024-01-13,101171.89243327647,1.0117189243327647
2024-01-14,98667.849418090453,0.98667849418090448
2024-01-15,100415.74613932321,1.004157461393232
2024-01-16,101822.70480347057,1.0182270480347058
2024-01-17,101010.53603483099,1.0101053603483099
2024-01-18,97759.167572066595,0.97759167572066596
2024-01-19,98503.283398699394,0.98503283398699393
2024-01-20,98586.351979955027,0.98586351979955023
2024-01-21,98326.642022184446,0.98326642022184441
2024-01-22,93810.032004715555,0.9381003200471556
2024-01-23,94549.77107551349,0.94549771075513489
2024-01-24,94970.119194874613,0.94970119194874614
2024-01-25,94692.273756516457,0.94692273756516454
2024-01-26,98872.457142145126,0.9887245714214512
2024-01-27,99539.340061968789,0.99539340061968784
2024-01-28,99338.301077287149,0.9933830107728715
2024-01-29,102192.48455926267,1.0219248455926266
2024-01-30,101380.87691316602,1.0138087691316602
2024-01-31,100570.39151215523,1.0057039151215523
2024-02-01,101699.23539912385,1.0169923539912384
2024-02-02,101961.97541862626,1.0196197541862626
2024-02-03,101537.96878028521,1.015379687802852
2024-02-04,100576.85564384981,1.0057685564384982
2024-02-05,100859.25739725654,1.0085925739725654
2024-02-06,101735.1696867732,1.0173516968677319
2024-02-07,104542.24132004414,1.0454224132004413
2024-02-08,106649.92981580482,1.0664992981580481
2024-02-09,110789.03903129086,1.1078903903129085
2024-02-10,112176.85219427338,1.1217685219427338
2024-02-11,113408.85284953458,1.1340885284953459
2024-02-12,117038.82191446597,1.1703882191446597
2024-02-13,116550.24129388433,1.1655024129388434
2024-02-14,121253.75000795297,1.2125375000795298
2024-02-15,121444.1501092206,1.2144415010922061
2024-02-16,121992.052605041,1.21992052605041
2024-02-17,120911.39792205938,1.2091139792205938
2024-02-18,122022.48789176962,1.2202248789176962
2024-02-19,121207.87262884286,1.2120787262884285
2024-02-20,122294.4078760744,1.222944078760744
2024-02-21,121375.44626506403,1.2137544626506402
2024-02-22,120116.35461343007,1.2011635461343007
2024-02-23,118894.74594766398,1.1889474594766398
2024-02-24,120744.36296347942,1.2074436296347941
2024-02-25,121104.895419764,1.2110489541976399
2024-02-26,127271.90150540581,1.2727190150540582
2024-02-27,133019.7490514775,1.3301974905147749
2024-02-28,145128.23485030592,1.4512823485030593
2024-02-29,142207.88379806792,1.4220788379806792
2024-03-01,145029.02838471558,1.4502902838471559
2024-03-02,144129.84073211811,1.4412984073211812
2024-03-03,146658.68536370175,1.4665868536370175
2024-03-04,158176.82535756243,1.5817682535756243
2024-03-05,148027.91414806235,1.4802791414806236
2024-03-06,153302.53338632704,1.5330253338632704
2024-03-07,154983.94830867322,1.5498394830867321
2024-03-08,157904.0749118941,1.5790407491189411
2024-03-09,158328.46311356433,1.5832846311356432
2024-03-10,159770.79494281812,1.5977079494281812
2024-03-11,166778.58704678903,1.6677858704678903
2024-03-12,165373.33419517215,1.6537333419517215
2024-03-13,169010.30606943936,1.6901030606943936
2024-03-14,165231.77420004131,1.6523177420004131
2024-03-15,160991.73026153271,1.6099173026153271
2024-03-16,151566.62224261131,1.515666222426113
2024-03-17,158508.49367023856,1.5850849367023856
2024-03-18,156749.95806559184,1.5674995806559184
2024-03-19,144017.88556235237,1.4401788556235238
2024-03-20,157267.35793997842,1.5726735793997841
2024-03-21,152016.95675066669,1.5201695675066669
2024-03-22,148190.93146923493,1.4819093146923492
2024-03-23,148624.94853374187,1.4862494853374186
2024-03-24,155852.16199690086,1.5585216199690086
2024-03-25,161844.99564521658,1.6184499564521657
2024-03-26,162087.37813886144,1.6208737813886145
2024-03-27,160924.70978500493,1.6092470978500493
2024-03-28,163866.36104897264,1.6386636104897263
2024-03-29,161778.85051985577,1.6177885051985577
2024-03-30,161176.51913737098,1.6117651913737099
2024-03-31,164987.28188563502,1.6498728188563503
2024-04-01,161328.29156278324,1.6132829156278323
2024-04-02,151933.28215706471,1.519332821570647
2024-04-03,153053.93365490649,1.5305393365490649
2024-04-04,158720.17153833419,1.587201715383342
2024-04-05,157222.71503046277,1.5722271503046277
2024-04-06,159636.39487133507,1.5963639487133507
2024-04-07,160678.71366218358,1.6067871366218358
2024-04-08,165750.38609912066,1.6575038609912065
2024-04-09,160197.51741426691,1.6019751741426691
2024-04-10,163530.76487849595,1.6353076487849594
2024-04-11,162128.29519469204,1.6212829519469203
2024-04-12,155642.36950054948,1.5564236950054948
2024-04-13,148477.93442749372,1.4847793442749371
2024-04-14,152377.35453754096,1.5237735453754095
2024-04-15,147345.54424605376,1.4734554424605375
2024-04-16,148183.63687617681,1.4818363687617682
2024-04-17,142536.4547143071,1.4253645471430709
2024-04-18,147457.9707587556,1.474579707587556
2024-04-19,148238.89622420474,1.4823889622420474
2024-04-20,150758.51600118255,1.5075851600118255
2024-04-21,150759.77291567871,1.507597729156787
2024-04-22,154975.3070215121,1.549753070215121
2024-04-23,154065.5702651075,1.540655702651075
2024-04-24,149297.35289938797,1.4929735289938797
2024-04-25,149765.89022273608,1.4976589022273608
2024-04-26,148131.16069596182,1.4813116069596182
2024-04-27,147439.79038836461,1.4743979038836461
2024-04-28,146669.12224300028,1.4666912224300028
2024-04-29,148346.60930754594,1.4834660930754593
2024-04-30,141177.70769904842,1.4117770769904843
2024-05-01,135999.60153816803,1.3599960153816804
2024-05-02,137560.95868122851,1.3756095868122851
2024-05-03,146138.05342346785,1.4613805342346784
2024-05-04,148405.05583161773,1.4840505583161774
2024-05-05,148674.30487261814,1.4867430487261815
2024-05-06,146773.64815029764,1.4677364815029763
2024-05-07,144858.85113989521,1.4485885113989521
2024-05-08,142347.15441322359,1.4234715441322359
2024-05-09,146568.99553643953,1.4656899553643954
2024-05-10,141464.97999612783,1.4146497999612784
2024-05-11,141523.33674059273,1.4152333674059272
2024-05-12,143000.2112735894,1.4300021127358939
2024-05-13,146268.39096774007,1.4626839096774007
2024-05-14,143210.07110464593,1.4321007110464594
2024-05-15,153599.83855447406,1.5359983855447406
2024-05-16,151419.7876955769,1.5141978769557691
2024-05-17,155434.70926986125,1.5543470926986125
2024-05-18,155190.50873917731,1.551905087391773
2024-05-19,153751.36408596736,1.5375136408596737
2024-05-20,165361.23639314654,1.6536123639314653
2024-05-21,162447.25969299622,1.6244725969299623
2024-05-22,160243.79880160795,1.6024379880160795
2024-05-23,157557.2114007553,1.5755721140075529
2024-05-24,158859.77882701566,1.5885977882701565
2024-05-25,160522.00335839359,1.6052200335839359
2024-05-26,158764.79200294815,1.5876479200294815
2024-05-27,160849.38469484172,1.6084938469484171
2024-05-28,158519.51411698177,1.5851951411698177
2024-05-29,156845.19178357822,1.5684519178357823
2024-05-30,158415.77378124453,1.5841577378124452
2024-05-31,156592.88864337435,1.5659288864337435
2024-06-01,157102.02879392903,1.5710202879392903
2024-06-02,157099.29051591951,1.5709929051591951
2024-06-03,159443.1442675493,1.5944314426754931
2024-06-04,163321.48861488406,1.6332148861488407
2024-06-05,164601.20713119619,1.6460120713119619
2024-06-06,163907.79433754273,1.6390779433754272
2024-06-07,160667.96255426103,1.6066796255426103
2024-06-08,160566.64626790924,1.6056664626790924
2024-06-09,161324.56570909815,1.6132456570909814
2024-06-10,161081.84654192755,1.6108184654192754
2024-06-11,156086.15009730344,1.5608615009730344
2024-06-12,158217.85463790159,1.5821785463790159
2024-06-13,154871.36468165938,1.5487136468165938
2024-06-14,153235.08645666664,1.5323508645666664
2024-06-15,153648.65621570914,1.5364865621570913
2024-06-16,154655.5793965495,1.546555793965495
2024-06-17,154268.31506231966,1.5426831506231966
2024-06-18,151285.36517919213,1.5128536517919213
2024-06-19,150834.3348791835,1.508343348791835
2024-06-20,150600.0549950586,1.506000549950586
2024-06-21,148969.58999961062,1.4896958999961061
2024-06-22,149235.44986045174,1.4923544986045174
2024-06-23,146874.24619979446,1.4687424619979446
2024-06-24,140327.71927101526,1.4032771927101526
2024-06-25,143722.98199868909,1.4372298199868909
2024-06-26,141610.8718572901,1.4161087185729009
2024-06-27,143499.56544699534,1.4349956544699534
2024-06-28,140629.69297871945,1.4062969297871946
2024-06-29,141884.00386628762,1.4188400386628761
2024-06-30,145891.15950457781,1.4589115950457781
2024-07-01,146178.4093567555,1.461784093567555
2024-07-02,144462.45173066642,1.4446245173066643
2024-07-03,140137.56606366651,1.4013756606366652
2024-07-04,133048.18674195331,1.3304818674195331
2024-07-05,132102.76259181826,1.3210276259181826
2024-07-06,135696.95448341229,1.356969544834123
2024-07-07,130372.30555921981,1.3037230555921981
2024-07-08,132295.40718325763,1.3229540718325763
2024-07-09,135292.65446877904,1.3529265446877905
2024-07-10,134565.10297961358,1.3456510297961359
2024-07-11,133698.81955293365,1.3369881955293366
2024-07-12,134931.51600014808,1.3493151600014808
2024-07-13,137882.84101675596,1.3788284101675596
2024-07-14,141460.31145657063,1.4146031145657063
2024-07-15,150272.69610351213,1.5027269610351213
2024-07-16,150990.59628493918,1.5099059628493918
2024-07-17,148844.86368076771,1.488448636807677
2024-07-18,148620.25754928295,1.4862025754928294
2024-07-19,154617.71484735247,1.5461771484735247
2024-07-20,155694.9803501748,1.5569498035017479
2024-07-21,157996.43568246067,1.5799643568246067
2024-07-22,156574.93272200052,1.5657493272200051
2024-07-23,152992.72640792347,1.5299272640792347
2024-07-24,151735.78946685442,1.5173578946685442
2024-07-25,152687.34107515824,1.5268734107515824
2024-07-26,157418.81613676663,1.5741881613676663
2024-07-27,157393.02694469347,1.5739302694469346
2024-07-28,158186.18488157852,1.5818618488157852
2024-07-29,154897.58032686517,1.5489758032686516
2024-07-30,153558.3154862971,1.535583154862971
2024-07-31,150056.91081840228,1.5005691081840227
2024-08-01,151686.45557287982,1.5168645557287981
2024-08-02,143032.397262652,1.43032397262652
2024-08-03,141236.04199861162,1.4123604199861162
2024-08-04,135541.79287784078,1.3554179287784078
2024-08-05,126244.68813341302,1.2624468813341301
2024-08-06,130740.85084541747,1.3074085084541747
2024-08-07,128748.08024644924,1.2874808024644924
2024-08-08,143453.59828827836,1.4345359828827835
2024-08-09,141550.27062265348,1.4155027062265348
2024-08-10,141742.21942213961,1.417422194221396
2024-08-11,136779.83121166393,1.3677983121166393
2024-08-12,138202.95020504773,1.3820295020504774
2024-08-13,140987.26270797735,1.4098726270797735
2024-08-14,136714.29209864949,1.3671429209864949
2024-08-15,134150.34364078008,1.3415034364078007
2024-08-16,137143.46106438548,1.3714346106438549
2024-08-17,138529.1868515083,1.385291868515083
2024-08-18,136139.61283508039,1.3613961283508038
2024-08-19,138409.12907222263,1.3840912907222263
2024-08-20,137455.89409628997,1.3745589409628995
2024-08-21,142264.10827686967,1.4226410827686966
2024-08-22,140512.97948978964,1.4051297948978962
2024-08-23,148730.95580455253,1.4873095580455253
2024-08-24,148999.77839242035,1.4899977839242036
2024-08-25,149141.15882833747,1.4914115882833747
2024-08-26,146030.2954503232,1.460302954503232
2024-08-27,138356.38355318701,1.3835638355318702
2024-08-28,137503.25283891341,1.375032528389134
2024-08-29,138230.71454847199,1.38230714548472
2024-08-30,137703.2144683126,1.377032144683126
2024-08-31,137366.54094255349,1.3736654094255349
2024-09-01,133613.46159170286,1.3361346159170286
2024-09-02,137721.48461831047,1.3772148461831046
2024-09-03,134030.64497992184,1.3403064497992183
2024-09-04,135115.11529619538,1.3511511529619538
2024-09-05,131095.45784764868,1.3109545784764869
2024-09-06,126119.35580222376,1.2611935580222375
2024-09-07,126563.5179623069,1.2656351796230689
2024-09-08,128155.06349817711,1.2815506349817711
2024-09-09,133030.20837567776,1.3303020837567776
2024-09-10,134363.41309278214,1.3436341309278215
2024-09-11,133694.57746650907,1.3369457746650908
2024-09-12,135477.42089971562,1.3547742089971562
2024-09-13,140787.16640916787,1.4078716640916786
2024-09-14,139653.76620715065,1.3965376620715064
2024-09-15,137721.19283458815,1.3772119283458815
2024-09-16,135660.72841204063,1.3566072841204062
2024-09-17,140374.15777266829,1.4037415777266828
2024-09-18,143619.6905609862,1.436196905609862
2024-09-19,146286.14488499842,1.4628614488499843
2024-09-20,146854.13556785576,1.4685413556785576
2024-09-21,147186.11810915597,1.4718611810915596
2024-09-22,147701.90195061895,1.4770190195061894
2024-09-23,147165.98503231557,1.4716598503231557
2024-09-24,149236.99855867022,1.4923699855867023
2024-09-25,146744.06576983427,1.4674406576983428
2024-09-26,151282.38000726374,1.5128238000726373
2024-09-27,152620.00637000642,1.5262000637000641
2024-09-28,152817.63372962704,1.5281763372962704
2024-09-29,152243.06669056651,1.5224306669056651
2024-09-30,147138.15335418616,1.4713815335418616
2024-10-01,141477.97559422214,1.4147797559422213
2024-10-02,141126.71288234679,1.4112671288234679
2024-10-03,141358.86050080854,1.4135886050080855
2024-10-04,144351.41680187106,1.4435141680187107
2024-10-05,144288.57107706269,1.442885710770627
2024-10-06,145998.67058380356,1.4599867058380356
2024-10-07,144661.15644556945,1.4466115644556945
2024-10-08,144518.60887476304,1.4451860887476304
2024-10-09,141096.95094266967,1.4109695094266967
2024-10-10,140401.9894507977,1.4040198945079769
2024-10-11,145370.41533983534,1.4537041533983535
2024-10-12,146865.73958204361,1.4686573958204361
2024-10-13,146111.14198630882,1.4611114198630881
2024-10-14,153324.86606353574,1.5332486606353575
2024-10-15,155547.24800707167,1.5554724800707167
2024-10-16,156772.44785711254,1.5677244785711253
2024-10-17,156327.52257037102,1.5632752257037101
2024-10-18,158585.97347096662,1.5858597347096661
2024-10-19,158473.74896238022,1.5847374896238022
2024-10-20,159941.62308978828,1.5994162308978828
2024-10-21,156228.13654556693,1.5622813654556693
2024-10-22,156336.99431889568,1.5633699431889567
2024-10-23,154637.1296873379,1.5463712968733789
2024-10-24,158070.36918871736,1.5807036918871735
2024-10-25,154703.74615563478,1.5470374615563478
2024-10-26,155589.04041406923,1.5558904041406922
2024-10-27,157674.03711419375,1.5767403711419374
2024-10-28,162029.49273733262,1.6202949273733263
2024-10-29,168256.17981664062,1.6825617981664063
2024-10-30,167377.05790617844,1.6737705790617843
2024-10-31,162769.72559596831,1.6276972559596832
2024-11-01,160983.11141927325,1.6098311141927324
2024-11-02,160710.92209614787,1.6071092209614788
2024-11-03,159367.03360582606,1.5936703360582605
2024-11-04,157288.68059660983,1.5728868059660983
2024-11-05,160704.79463797904,1.6070479463797904
2024-11-06,174620.58881288586,1.7462058881288587
2024-11-07,175262.28855298273,1.7526228855298274
2024-11-08,176725.44925103016,1.7672544925103015
2024-11-09,177101.80536302543,1.7710180536302542
2024-11-10,185389.69754663765,1.8538969754663766
2024-11-11,203969.54229839414,2.0396954229839412
2024-11-12,202407.42202867524,2.0240742202867525
2024-11-13,207846.24816790351,2.0784624816790349
2024-11-14,201001.42849530172,2.0100142849530171
2024-11-15,209320.58642700614,2.0932058642700615
2024-11-16,208321.45162706164,2.0832145162706164
2024-11-17,206680.8864258409,2.0668088642584088
2024-11-18,208045.73845436666,2.0804573845436667
2024-11-19,212190.66089939745,2.1219066089939744
2024-11-20,216625.25724599144,2.1662525724599142
2024-11-21,225671.80955254924,2.2567180955254922
2024-11-22,226962.12206247196,2.2696212206247197
2024-11-23,224224.74184903313,2.2422474184903312
2024-11-24,224735.67759172517,2.2473567759172517
2024-11-25,213760.05331727274,2.1376005331727272
2024-11-26,211414.89776134331,2.114148977613433
2024-11-27,220163.80822622837,2.2016380822622836
2024-11-28,219671.97309489772,2.1967197309489772
2024-11-29,223748.01213655822,2.2374801213655822
2024-11-30,221386.78603099924,2.2138678603099926
2024-12-01,223131.18134756407,2.2313118134756404
2024-12-02,220113.32964226621,2.201133296422662
2024-12-03,220133.68716812378,2.2013368716812378
2024-12-04,226278.27079695003,2.2627827079695004
2024-12-05,222593.51372692679,2.2259351372692677
2024-12-06,228867.33509984106,2.2886733509984105
2024-12-07,229071.92037899405,2.2907192037899407
2024-12-08,231939.48102239304,2.3193948102239306
2024-12-09,223336.08085534108,2.2333608085534107
2024-12-10,221802.03915767052,2.2180203915767049
2024-12-11,231974.06861593935,2.3197406861593937
2024-12-12,229458.64603558267,2.2945864603558266
2024-12-13,232645.73229982881,2.3264573229982881
2024-12-14,232636.19321659897,2.3263619321659896
2024-12-15,239468.39885443565,2.3946839885443567
2024-12-16,243047.61999658425,2.4304761999658426
2024-12-17,243216.13631867757,2.4321613631867756
2024-12-18,229906.91561268008,2.2990691561268006
2024-12-19,223752.18688827765,2.2375218688827765
2024-12-20,224523.34882147977,2.2452334882147977
2024-12-21,223370.91534280631,2.2337091534280633
2024-12-22,218644.64749839634,2.1864464749839634
2024-12-23,217960.52689405382,2.1796052689405383
2024-12-24,226449.43561744597,2.2644943561744597
2024-12-25,228168.75997879263,2.2816875997879262
2024-12-26,220003.30473404814,2.2000330473404812
2024-12-27,216653.24603843287,2.1665324603843286
2024-12-28,218899.91336562691,2.1889991336562691
2024-12-29,215394.46861542296,2.1539446861542295
2024-12-30,213270.84423944305,2.1327084423944305
2024-12-31,215030.41230956875,2.1503041230956876
