date,equity,nav,drawdown
2024-01-01,100000.0,1.0,0.0
2024-01-02,100000.0,1.0,0.0
2024-01-03,100000.0,1.0,0.0
2024-01-04,100000.0,1.0,0.0
2024-01-05,100930.81,1.0093081,0.0
2024-01-06,100930.81,1.0093081,0.0
2024-01-07,100930.81,1.0093081,0.0
2024-01-08,100930.81,1.0093081,0.0
2024-01-09,100930.81,1.0093081,0.0
2024-01-10,100930.81,1.0093081,0.0
2024-01-11,100930.81,1.0093081,0.0
2024-01-12,93629.88014885427,0.9362988014885427,-0.07456461364163192
2024-01-13,93765.00356770771,0.937650035677077,-0.07322905715972783
2024-01-14,91455.02669045262,0.9145502669045262,-0.09606081066067074
2024-01-15,93067.45945833689,0.9306745945833689,-0.0801235656364162
2024-01-16,94365.37725037316,0.9436537725037316,-0.06729497874273549
2024-01-17,93616.15247084326,0.9361615247084325,-0.07470029766668596
2024-01-18,90616.76870511979,0.9061676870511979,-0.10434613155706807
2024-01-19,91303.21472186029,0.9130321472186029,-0.09756131634950327
2024-01-20,91379.8453950409,0.913798453950409,-0.09680390069833444
2024-01-21,91140.26324984425,0.9114026324984426,-0.09917192461070234
2024-01-22,86973.69556683791,0.869736955668379,-0.14035417505661896
2024-01-23,87656.10403122223,0.8765610403122224,-0.13360926691524655
2024-01-24,88043.874700589,0.8804387470058901,-0.1297765513478084
2024-01-25,87787.56259486008,0.8778756259486008,-0.13230993377034772
2024-01-26,91643.77708675481,0.9164377708675481,-0.09419520647908353
2024-01-27,92258.97583345628,0.9225897583345628,-0.08811459750109762
2024-01-28,92073.51759522913,0.9207351759522914,-0.08994766207486649
2024-01-29,94706.49866097853,0.9470649866097852,-0.06392334327853533
2024-01-30,93957.79151636608,0.9395779151636608,-0.07132354591194834
2024-01-31,93210.11964158855,0.9321011964158855,-0.07871351596428633
2024-02-01,94251.47686313553,0.9425147686313553,-0.06842076731260283
2024-02-02,94493.85423688644,0.9449385423688644,-0.0660251154313326
2024-02-03,94102.70858785785,0.9410270858785785,-0.06989118921307502
2024-02-04,93216.08279583766,0.9321608279583766,-0.07865457629729466
2024-02-05,93476.59809709634,0.9347659809709634,-0.07607964959559099
2024-02-06,94284.62620324959,0.9428462620324959,-0.06809312006658252
2024-02-07,96874.14664132915,0.9687414664132915,-0.04249836502377824
2024-02-08,98818.48691828802,0.9881848691828802,-0.023280554506890705
2024-02-09,101870.28407256099,1.0187028407256098,-0.00034451879796559837
2024-02-10,101870.28407256099,1.0187028407256098,-0.00034451879796559837
2024-02-11,101870.28407256099,1.0187028407256098,-0.00034451879796559837
2024-02-12,102818.50286373678,1.0281850286373677,0.0
2024-02-13,103789.58495080925,1.0378958495080925,-0.000950555951022003
2024-02-14,104119.0447231583,1.041190447231583,-0.0010782284989125923
2024-02-15,104755.66878648986,1.0475566878648985,0.0
2024-02-16,104755.66878648986,1.0475566878648985,0.0
2024-02-17,104755.66878648986,1.0475566878648985,0.0
2024-02-18,104755.66878648986,1.0475566878648985,0.0
2024-02-19,103936.14723657715,1.0393614723657716,-0.009550020018608385
2024-02-20,105730.74502712139,1.0573074502712139,0.0
2024-02-21,105335.90655371864,1.0533590655371865,-0.004051911704449074
2024-02-22,104253.45033393387,1.0425345033393387,-0.01428650537748577
2024-02-23,103203.2186874247,1.032032186874247,-0.024216416599874835
2024-02-24,104793.35665743741,1.047933566574374,-0.009181705994781408
2024-02-25,105103.31074158456,1.0510331074158457,-0.006251098686547718
2024-02-26,106714.89737490834,1.0671489737490834,0.0
2024-02-27,106714.89737490834,1.0671489737490834,0.0
2024-02-28,106714.89737490834,1.0671489737490834,0.0
2024-02-29,107973.42435330621,1.0797342435330621,-0.001413171968548732
2024-03-01,108978.45178452924,1.0897845178452925,0.0
2024-03-02,108709.64148783153,1.0870964148783153,-0.005331661880693783
2024-03-03,109992.83411158483,1.0999283411158483,-0.00017869493222288924
2024-03-04,109992.83411158483,1.0999283411158483,-0.00017869493222288924
2024-03-05,109992.83411158483,1.0999283411158483,-0.00017869493222288924
2024-03-06,109992.83411158483,1.0999283411158483,-0.00017869493222288924
2024-03-07,109992.83411158483,1.0999283411158483,-0.00017869493222288924
2024-03-08,109538.89837960729,1.0953889837960729,-0.004304914786711356
2024-03-09,109827.66133813825,1.0982766133813824,-0.0028662894716550147
2024-03-10,111016.65841077891,1.110166584107789,0.0
2024-03-11,111016.65841077891,1.110166584107789,0.0
2024-03-12,111016.65841077891,1.110166584107789,0.0
2024-03-13,111016.65841077891,1.110166584107789,0.0
2024-03-14,111016.65841077891,1.110166584107789,0.0
2024-03-15,112050.01256893229,1.1205001256893228,0.0
2024-03-16,107739.58852359849,1.0773958852359848,-0.04341151188765113
2024-03-17,113092.9852909252,1.130929852909252,0.0
2024-03-18,113092.9852909252,1.130929852909252,0.0
2024-03-19,113092.9852909252,1.130929852909252,0.0
2024-03-20,113092.9852909252,1.130929852909252,0.0
2024-03-21,113092.9852909252,1.130929852909252,0.0
2024-03-22,114145.66610731164,1.1414566610731165,-0.0015176813274166978
2024-03-23,114145.66610731164,1.1414566610731165,-0.0015176813274166978
2024-03-24,114145.66610731164,1.1414566610731165,-0.0015176813274166978
2024-03-25,114145.66610731164,1.1414566610731165,-0.0015176813274166978
2024-03-26,114145.66610731164,1.1414566610731165,-0.0015176813274166978
2024-03-27,114145.66610731164,1.1414566610731165,-0.0015176813274166978
2024-03-28,114145.66610731164,1.1414566610731165,-0.0015176813274166978
2024-03-29,114145.66610731164,1.1414566610731165,-0.0015176813274166978
2024-03-30,114145.66610731164,1.1414566610731165,-0.0015176813274166978
2024-03-31,114145.66610731164,1.1414566610731165,-0.0015176813274166978
2024-04-01,112670.21642062764,1.1267021642062764,-0.014424088328975349
2024-04-02,106241.96371834858,1.0624196371834858,-0.0706548405079559
2024-04-03,107136.96737962992,1.0713696737962992,-0.06282585004855024
2024-04-04,107701.30118404678,1.0770130118404677,-0.05788937418612261
2024-04-05,107701.30118404678,1.0770130118404677,-0.05788937418612261
2024-04-06,107701.30118404678,1.0770130118404677,-0.05788937418612261
2024-04-07,107701.30118404678,1.0770130118404677,-0.05788937418612261
2024-04-08,107701.30118404678,1.0770130118404677,-0.05788937418612261
2024-04-09,104814.65128306343,1.0481465128306342,-0.08314016981090022
2024-04-10,106950.14559812623,1.0695014559812623,-0.06446006229624945
2024-04-11,106051.63264073202,1.06051632640732,-0.0723197501114039
2024-04-12,101896.32836272674,1.0189632836272673,-0.1086680232590872
2024-04-13,97306.32701019113,0.9730632701019113,-0.1488187828059402
2024-04-14,99804.54820931038,0.9980454820931037,-0.12696574378553183
2024-04-15,96580.8444827613,0.965808444827613,-0.15516489738784278
2024-04-16,97117.78092877394,0.9711778092877393,-0.15046807826296693
2024-04-17,93499.83010687595,0.9349983010687595,-0.18211588451516314
2024-04-18,96652.8721918689,0.966528721918689,-0.15453483935365675
2024-04-19,97153.1836478442,0.971531836478442,-0.15015839511659712
2024-04-20,98767.41534458994,0.9876741534458995,-0.13603800086591933
2024-04-21,98768.22060546238,0.9876822060546239,-0.13603095689508393
2024-04-22,101468.96491399895,1.0146896491399895,-0.11240635920957753
2024-04-23,100886.12859825754,1.0088612859825754,-0.11750468467206998
2024-04-24,97831.29958038473,0.9783129958038473,-0.1442266169620472
2024-04-25,98131.47495024317,0.9813147495024317,-0.14160085104796627
2024-04-26,97084.1612873498,0.9708416128734979,-0.15076216404534393
2024-04-27,96641.22466853546,0.9664122466853546,-0.15463672536038275
2024-04-28,96147.48471646557,0.9614748471646557,-0.15895568576401797
2024-04-29,97222.19162868014,0.9722219162868014,-0.1495547519730439
2024-04-30,92629.32872411571,0.9262932872411571,-0.1897305427734013
2024-05-01,89311.89838387862,0.8931189838387862,-0.21874956426687275
2024-05-02,90312.20494334362,0.9031220494334362,-0.20999944306701035
2024-05-03,95807.24761820352,0.9580724761820352,-0.16193188922715895
2024-05-04,97259.63625924836,0.9725963625924836,-0.1492272073291987
2024-05-05,97432.1346418506,0.974321346418506,-0.14771828814810573
2024-05-06,96214.45078580356,0.9621445078580356,-0.15836990411794005
2024-05-07,94987.70774494165,0.9498770774494165,-0.16910076475967228
2024-05-08,93378.55206762391,0.9337855206762391,-0.1831767568370487
2024-05-09,96083.33706018109,0.9608333706018108,-0.15951681351217195
2024-05-10,92813.37397244232,0.9281337397244233,-0.1881206180819367
2024-05-11,92850.76108437679,0.9285076108437679,-0.18779357657886553
2024-05-12,93796.94260948744,0.9379694260948743,-0.17951691084729537
2024-05-13,95890.7502947433,0.958907502947433,-0.16120145460856894
2024-05-14,93889.61924583383,0.9388961924583383,-0.17870622756950072
2024-05-15,93889.61924583383,0.9388961924583383,-0.17870622756950072
2024-05-16,94763.55321073596,0.9476355321073596,-0.17106154300634058
2024-05-17,94763.55321073596,0.9476355321073596,-0.17106154300634058
2024-05-18,94763.55321073596,0.9476355321073596,-0.17106154300634058
2024-05-19,94763.55321073596,0.9476355321073596,-0.17106154300634058
2024-05-20,94763.55321073596,0.9476355321073596,-0.17106154300634058
2024-05-21,94763.55321073596,0.9476355321073596,-0.17106154300634058
2024-05-22,94763.55321073596,0.9476355321073596,-0.17106154300634058
2024-05-23,94751.43341270924,0.9475143341270924,-0.17116756020741575
2024-05-24,95645.62184037681,0.9564562184037682,-0.16334570095479783
2024-05-25,95645.62184037681,0.9564562184037682,-0.16334570095479783
2024-05-26,95645.62184037681,0.9564562184037682,-0.16334570095479783
2024-05-27,96535.90085302922,0.9653590085302922,-0.15555803907385524
2024-05-28,97434.4666717593,0.974344666717593,-0.14769788885735857
2024-05-29,97434.4666717593,0.974344666717593,-0.14769788885735857
2024-05-30,97434.4666717593,0.974344666717593,-0.14769788885735857
2024-05-31,97507.90102534286,0.9750790102534286,-0.14705552628559526
2024-06-01,97819.02905963836,0.9781902905963835,-0.14433395260100734
2024-06-02,98341.39643098669,0.9834139643098668,-0.1397645755766319
2024-06-03,98341.39643098669,0.9834139643098668,-0.1397645755766319
2024-06-04,98341.39643098669,0.9834139643098668,-0.1397645755766319
2024-06-05,98341.39643098669,0.9834139643098668,-0.1397645755766319
2024-06-06,98130.72877394859,0.981307287739486,-0.1416073781800261
2024-06-07,99256.76798310596,0.9925676798310596,-0.1317574182225567
2024-06-08,99172.19018771446,0.9917219018771446,-0.13249725737835372
2024-06-09,99631.17738693317,0.9963117738693317,-0.1284822945808518
2024-06-10,100180.65990516951,1.0018065990516951,-0.12367572944711414
2024-06-11,99454.14045153427,0.9945414045153427,-0.13003091447835713
2024-06-12,101113.15150563282,1.0111315150563283,-0.1155188155043807
2024-06-13,101113.15150563282,1.0111315150563283,-0.1155188155043807
2024-06-14,101113.15150563282,1.0111315150563283,-0.1155188155043807
2024-06-15,101113.15150563282,1.0111315150563283,-0.1155188155043807
2024-06-16,101113.15150563282,1.0111315150563283,-0.1155188155043807
2024-06-17,101113.15150563282,1.0111315150563283,-0.1155188155043807
2024-06-18,101113.15150563282,1.0111315150563283,-0.1155188155043807
2024-06-19,101113.15150563282,1.0111315150563283,-0.1155188155043807
2024-06-20,100898.977212918,1.00898977212918,-0.11739229219151925
2024-06-21,99825.70029882617,0.9982570029882617,-0.1267807171603016
2024-06-22,100000.7063564975,1.000007063564975,-0.1252498622430318
2024-06-23,98446.41025966145,0.9844641025966145,-0.13884597345424132
2024-06-24,94137.06523247261,0.941370652324726,-0.1765417087497232
2024-06-25,94175.98121767503,0.9417598121767503,-0.17620129352010072
2024-06-26,94175.98121767503,0.9417598121767503,-0.17620129352010072
2024-06-27,94317.12121142188,0.9431712121142188,-0.17496667995114312
2024-06-28,92460.3323049856,0.9246033230498559,-0.19120882874057732
2024-06-29,93271.86332840352,0.9327186332840351,-0.1841100101382549
2024-06-30,95052.58066844726,0.9505258066844726,-0.16853329278031515
2024-07-01,95937.33959456722,0.9593733959456723,-0.16079391752284378
2024-07-02,96063.88415295881,0.9606388415295881,-0.1596869766429383
2024-07-03,93233.59248990506,0.9323359248990506,-0.1844447819860583
2024-07-04,88594.16089901421,0.8859416089901421,-0.2250279295568165
2024-07-05,87975.45642999341,0.8797545642999341,-0.2304400095233059
2024-07-06,90327.56747510469,0.9032756747510469,-0.20986506024848928
2024-07-07,86843.01074477984,0.8684301074477984,-0.2403460097430583
2024-07-08,88101.52690284858,0.8810152690284858,-0.22933721567799048
2024-07-09,90062.98546094412,0.9006298546094412,-0.21217947543381688
2024-07-10,89586.8612179521,0.895868612179521,-0.2163443434864678
2024-07-11,89019.94802089767,0.8901994802089768,-0.22130338243017011
2024-07-12,89826.64922556723,0.8982664922556723,-0.21424681237557708
2024-07-13,91758.05533260117,0.9175805533260117,-0.19735195413158013
2024-07-14,94444.40923172876,0.9444440923172875,-0.17385323568304645
2024-07-15,94444.40923172876,0.9444440923172875,-0.17385323568304645
2024-07-16,95323.5072372986,0.953235072372986,-0.1661633789861079
2024-07-17,95323.5072372986,0.953235072372986,-0.1661633789861079
2024-07-18,95670.47177608206,0.9567047177608207,-0.16312832764341412
2024-07-19,96210.78797501411,0.9621078797501411,-0.15840194433404842
2024-07-20,96210.78797501411,0.9621078797501411,-0.15840194433404842
2024-07-21,96210.78797501411,0.9621078797501411,-0.15840194433404842
2024-07-22,96210.78797501411,0.9621078797501411,-0.15840194433404842
2024-07-23,96210.78797501411,0.9621078797501411,-0.15840194433404842
2024-07-24,96210.78797501411,0.9621078797501411,-0.15840194433404842
2024-07-25,97106.32761056433,0.9710632761056434,-0.15056826547210433
2024-07-26,97106.32761056433,0.9710632761056434,-0.15056826547210433
2024-07-27,97106.32761056433,0.9710632761056434,-0.15056826547210433
2024-07-28,97780.23795871586,0.9778023795871587,-0.14467327541293562
2024-07-29,98922.4917893136,0.989224917893136,-0.13468147903395056
2024-07-30,98922.4917893136,0.989224917893136,-0.13468147903395056
2024-07-31,98758.90389279039,0.9875890389279038,-0.13611245427635454
2024-08-01,99843.27223513772,0.9984327223513771,-0.12662700770894642
2024-08-02,99843.27223513772,0.9984327223513771,-0.12662700770894642
2024-08-03,99968.43990460064,0.9996843990460065,-0.12553211108176576
2024-08-04,98240.93388771794,0.9824093388771794,-0.140643365604879
2024-08-05,93686.17780077024,0.9368617780077024,-0.18048581932018726
2024-08-06,93686.17780077024,0.9368617780077024,-0.18048581932018726
2024-08-07,93686.17780077024,0.9368617780077024,-0.18048581932018726
2024-08-08,93686.17780077024,0.9368617780077024,-0.18048581932018726
2024-08-09,93686.17780077024,0.9368617780077024,-0.18048581932018726
2024-08-10,93686.17780077024,0.9368617780077024,-0.18048581932018726
2024-08-11,90981.67820348337,0.9098167820348337,-0.20414326616717782
2024-08-12,91913.62222116663,0.9191362222116664,-0.1959911421717333
2024-08-13,94558.2181123576,0.9455821811235761,-0.1728576993750014
2024-08-14,94187.03690274614,0.9418703690274615,-0.17610458458282097
2024-08-15,96326.72540501054,0.9632672540501054,-0.15738778866899727
2024-08-16,96326.72540501054,0.9632672540501054,-0.15738778866899727
2024-08-17,96326.72540501054,0.9632672540501054,-0.15738778866899727
2024-08-18,96326.72540501054,0.9632672540501054,-0.15738778866899727
2024-08-19,96326.72540501054,0.9632672540501054,-0.15738778866899727
2024-08-20,97223.3441977529,0.972233441977529,-0.14954466994470728
2024-08-21,97223.3441977529,0.972233441977529,-0.14954466994470728
2024-08-22,96927.8371092664,0.969278371092664,-0.15212960034950063
2024-08-23,98128.30880788002,0.9812830880788002,-0.14162854668701952
2024-08-24,98128.30880788002,0.9812830880788002,-0.14162854668701952
2024-08-25,98128.30880788002,0.9812830880788002,-0.14162854668701952
2024-08-26,96364.45554817135,0.9636445554817135,-0.15705774652099636
2024-08-27,91387.9294774375,0.913879294774375,-0.20058960769012224
2024-08-28,90834.67485342875,0.9083467485342874,-0.2054291690912292
2024-08-29,91306.43322277228,0.9130643322277228,-0.20130249125457367
2024-08-30,90964.3498191034,0.909643498191034,-0.20429484516272467
2024-08-31,90746.01729187027,0.9074601729187027,-0.2062046957551109
2024-09-01,88312.14816678803,0.8831214816678803,-0.2274948188954241
2024-09-02,90976.19799758126,0.9097619799758125,-0.20419120393724444
2024-09-03,88582.69127903352,0.8858269127903352,-0.2251282593647117
2024-09-04,89285.96946025506,0.8928596946025505,-0.21897637595988972
2024-09-05,86679.22464010962,0.8667922464010962,-0.24177871879925428
2024-09-06,83452.22622109849,0.8345222622109849,-0.2700066925248429
2024-09-07,83740.26504652626,0.8374026504652625,-0.26748709029999396
2024-09-08,84772.38112476452,0.8477238112476452,-0.25845871725629255
2024-09-09,87933.90889660935,0.8793390889660936,-0.23080344406167408
2024-09-10,88798.49114895074,0.8879849114895073,-0.22324056303919715
2024-09-11,88364.7517503494,0.883647517503494,-0.2270346722260318
2024-09-12,89520.92437056154,0.8952092437056154,-0.21692112207573633
2024-09-13,92964.29032406071,0.9296429032406072,-0.18680048641309288
2024-09-14,92229.28114888127,0.9222928114888127,-0.19322993477067518
2024-09-15,90976.00877605766,0.9097600877605766,-0.2041928591410912
2024-09-16,89639.79915388908,0.8963979915388908,-0.2158812720898683
2024-09-17,90299.59043896709,0.9029959043896709,-0.21010978768199506
2024-09-18,90299.59043896709,0.9029959043896709,-0.21010978768199506
2024-09-19,90299.59043896709,0.9029959043896709,-0.21010978768199506
2024-09-20,90299.59043896709,0.9029959043896709,-0.21010978768199506
2024-09-21,90899.73083288498,0.9089973083288497,-0.20486009584100262
2024-09-22,91140.10805673202,0.9114010805673202,-0.20275741059671804
2024-09-23,91140.10805673202,0.9114010805673202,-0.20275741059671804
2024-09-24,91140.10805673202,0.9114010805673202,-0.20275741059671804
2024-09-25,91140.10805673202,0.9114010805673202,-0.20275741059671804
2024-09-26,91140.10805673202,0.9114010805673202,-0.20275741059671804
2024-09-27,91140.10805673202,0.9114010805673202,-0.20275741059671804
2024-09-28,91140.10805673202,0.9114010805673202,-0.20275741059671804
2024-09-29,91121.79169648144,0.9112179169648144,-0.2029176318515088
2024-09-30,88120.59278135686,0.8812059278135685,-0.22917043805751935
2024-10-01,84792.9516965307,0.8479295169653069,-0.2582787774224472
2024-10-02,84586.44294695191,0.8458644294695191,-0.260085200234083
2024-10-03,85164.56352339988,0.8516456352339987,-0.2550281254161795
2024-10-04,85164.56352339988,0.8516456352339987,-0.2550281254161795
2024-10-05,85447.43988940677,0.8544743988940677,-0.25255368149324775
2024-10-06,85957.28379713203,0.8595728379713202,-0.248093852710366
2024-10-07,86757.3827904441,0.867573827904441,-0.24109503510077945
2024-10-08,86757.3827904441,0.867573827904441,-0.24109503510077945
2024-10-09,84993.84879168132,0.8499384879168131,-0.2565214422189188
2024-10-10,84581.98945494223,0.8458198945494223,-0.2601241568863998
2024-10-11,87564.92918519583,0.8756492918519583,-0.234031071797001
2024-10-12,87564.92918519583,0.8756492918519583,-0.234031071797001
2024-10-13,87646.06987285886,0.8764606987285886,-0.2333212985334212
2024-10-14,88379.99230254455,0.8837999230254454,-0.22690135641639464
2024-10-15,88379.99230254455,0.8837999230254454,-0.22690135641639464
2024-10-16,88379.99230254455,0.8837999230254454,-0.22690135641639464
2024-10-17,88379.99230254455,0.8837999230254454,-0.22690135641639464
2024-10-18,88379.99230254455,0.8837999230254454,-0.22690135641639464
2024-10-19,88379.99230254455,0.8837999230254454,-0.22690135641639464
2024-10-20,88379.99230254455,0.8837999230254454,-0.22690135641639464
2024-10-21,86890.22007771069,0.8689022007771069,-0.23993304895518686
2024-10-22,86949.58491304051,0.8694958491304051,-0.23941375864440095
2024-10-23,86022.57546897777,0.8602257546897777,-0.2475227177552004
2024-10-24,87894.86893424706,0.8789486893424706,-0.23114494377401318
2024-10-25,86058.90430016517,0.8605890430016517,-0.24720493349903272
2024-10-26,86541.69341354957,0.8654169341354957,-0.24298176489525292
2024-10-27,87678.73197295755,0.8767873197295756,-0.233035588785943
2024-10-28,89202.64210889587,0.8920264210889587,-0.219705276932054
2024-10-29,89202.64210889587,0.8920264210889587,-0.219705276932054
2024-10-30,90032.94922190967,0.9003294922190967,-0.21244221562026544
2024-10-31,90032.94922190967,0.9003294922190967,-0.21244221562026544
2024-11-01,90032.94922190967,0.9003294922190967,-0.21244221562026544
2024-11-02,90032.94922190967,0.9003294922190967,-0.21244221562026544
2024-11-03,89473.33536487567,0.8947333536487567,-0.21733740402809598
2024-11-04,88329.30118135984,0.8832930118135984,-0.22734477393667996
2024-11-05,90870.98491656213,0.9087098491656213,-0.2051115490074804
2024-11-06,90870.98491656213,0.9087098491656213,-0.2051115490074804
2024-11-07,90870.98491656213,0.9087098491656213,-0.2051115490074804
2024-11-08,90870.98491656213,0.9087098491656213,-0.2051115490074804
2024-11-09,90870.98491656213,0.9087098491656213,-0.2051115490074804
2024-11-10,90870.98491656213,0.9087098491656213,-0.2051115490074804
2024-11-11,90870.98491656213,0.9087098491656213,-0.2051115490074804
2024-11-12,90870.98491656213,0.9087098491656213,-0.2051115490074804
2024-11-13,90870.98491656213,0.9087098491656213,-0.2051115490074804
2024-11-14,90870.98491656213,0.9087098491656213,-0.2051115490074804
2024-11-15,90870.98491656213,0.9087098491656213,-0.2051115490074804
2024-11-16,90870.98491656213,0.9087098491656213,-0.2051115490074804
2024-11-17,90870.98491656213,0.9087098491656213,-0.2051115490074804
2024-11-18,90870.98491656213,0.9087098491656213,-0.2051115490074804
2024-11-19,91321.26942298122,0.9132126942298122,-0.20117271248950885
2024-11-20,91716.82113126398,0.9171682113126398,-0.19771264781679698
2024-11-21,91716.82113126398,0.9171682113126398,-0.19771264781679698
2024-11-22,92570.5304740359,0.925705304740359,-0.19024487691394043
2024-11-23,92570.5304740359,0.925705304740359,-0.19024487691394043
2024-11-24,92570.5304740359,0.925705304740359,-0.19024487691394043
2024-11-25,90942.64995866464,0.9094264995866463,-0.20448466338101245
2024-11-26,89973.0197879871,0.899730197879871,-0.21296644472313375
2024-11-27,93432.18622874127,0.9343218622874127,-0.18270759525274316
2024-11-28,93432.18622874127,0.9343218622874127,-0.18270759525274316
2024-11-29,93432.18622874127,0.9343218622874127,-0.18270759525274316
2024-11-30,93432.18622874127,0.9343218622874127,-0.18270759525274316
2024-12-01,93432.18622874127,0.9343218622874127,-0.18270759525274316
2024-12-02,94301.862361377,0.94301862361377,-0.1751001558201153
2024-12-03,94711.25128809124,0.9471125128809124,-0.1715190509150879
2024-12-04,96065.57507325019,0.9606557507325019,-0.15967218541983874
2024-12-05,92159.95206575732,0.9215995206575731,-0.1938363867370947
2024-12-06,94678.68598711818,0.9467868598711818,-0.17180391391806238
2024-12-07,95052.56601109436,0.9505256601109435,-0.16853342099462432
2024-12-08,95052.56601109436,0.9505256601109435,-0.16853342099462432
2024-12-09,93142.34535842338,0.9314234535842338,-0.1852429607564059
2024-12-10,92521.31418904047,0.9252131418904047,-0.19067539339375572
2024-12-11,93344.69942933987,0.9334469942933987,-0.18347288074538215
2024-12-12,94515.57622273335,0.9451557622273334,-0.17323070672847007
2024-12-13,95090.51047534677,0.9509051047534678,-0.1682015040858218
2024-12-14,95090.51047534677,0.9509051047534678,-0.1682015040858218
2024-12-15,95090.51047534677,0.9509051047534678,-0.1682015040858218
2024-12-16,95090.51047534677,0.9509051047534678,-0.1682015040858218
2024-12-17,95090.51047534677,0.9509051047534678,-0.1682015040858218
2024-12-18,95240.47130068272,0.9524047130068273,-0.1668897308254097
2024-12-19,96868.97314728412,0.9686897314728412,-0.15264450930093698
2024-12-20,96868.97314728412,0.9686897314728412,-0.15264450930093698
2024-12-21,96743.32231854621,0.9674332231854621,-0.15374363233468769
2024-12-22,94754.3055252231,0.947543055252231,-0.17114243657670658
2024-12-23,94466.39814978624,0.9446639814978625,-0.1736608889507011
2024-12-24,97425.10344559088,0.9742510344559088,-0.14777979311262934
2024-12-25,97425.10344559088,0.9742510344559088,-0.14777979311262934
2024-12-26,97459.81723036135,0.9745981723036136,-0.14747613637742807
2024-12-27,98222.00591717233,0.9822200591717233,-0.14080893688377782
2024-12-28,99247.22963800983,0.9924722963800983,-0.13184085432006853
2024-12-29,99194.27000546151,0.9919427000546152,-0.13230411550646504
2024-12-30,100171.0327762034,1.001710327762034,-0.12375994217616504
2024-12-31,99977.66845712958,0.9997766845712958,-0.1254513848760208
